mfcc_mean_1,mfcc_mean_2,mfcc_mean_3,mfcc_mean_4,mfcc_mean_5,mfcc_mean_6,mfcc_mean_7,mfcc_mean_8,mfcc_mean_9,mfcc_mean_10,mfcc_mean_11,mfcc_mean_12,mfcc_mean_13,mfcc_mean_14,mfcc_mean_15,mfcc_mean_16,mfcc_mean_17,mfcc_mean_18,mfcc_mean_19,mfcc_mean_20,mfcc_std_1,mfcc_std_2,mfcc_std_3,mfcc_std_4,mfcc_std_5,mfcc_std_6,mfcc_std_7,mfcc_std_8,mfcc_std_9,mfcc_std_10,spec_centroid_mean,spec_centroid_std,zcr_mean,zcr_std,chroma_mean,chroma_std,spec_rolloff_mean,spec_bandwidth_mean,duration_sec,label
-13.758214617471918,4.654339247072039,4.952554678585065,6.3075746410200635,1.41461656319166,1.0813242742937152,5.3766034673399075,3.168586822882272,-0.06257485372626914,2.3564001089649116,-0.24945332294024658,-0.3309910505923087,1.3741364481458547,-4.0689148973587805,-3.645627914615915,-0.7807188231024318,-1.9438425067184122,1.3411738870437402,-1.7437443993293433,-3.030759253338229,7.758778522705865,4.9790684394161575,5.081033845625509,3.165302176543852,4.146740730569781,4.883107107651839,3.333093421378951,5.138337622014807,3.945900238764101,4.299967500248068,1419.488016331181,598.1822547607151,0.07973005550524133,0.029422890710440998,0.5158035929682552,0.18895781750144888,3304.431797502378,1310.082469030056,35.069065363880384,0
-14.453404209865344,7.204402597371526,0.8106199761705644,-1.4582355338422186,3.9342510420842047,0.3213125125092675,-1.9381238148319369,-0.9514781651177664,-1.715269650592806,1.3360722065700548,2.3643978958735072,3.0527044823167264,3.005061594502673,2.601780207397554,0.14875194140523096,-0.9336934874624001,-3.1821479297510598,3.304672995017606,0.08198548629704638,-0.5259582717157512,7.415659613640841,4.172150472653186,6.001754503076514,5.230873661194765,3.5546041481814212,4.659035505966178,5.881841954792659,5.64221455667513,6.461187770126835,5.055817502391984,2611.688876088002,376.3687355946099,0.07202723219969598,0.03939135912525254,0.3364999633126878,0.302124580866971,3651.7662453129215,1804.7500827655374,18.71107260318812,0
-11.30526488814621,3.7043244543158815,1.3120993261003644,1.2456073910386587,4.288505294255185,2.488544440815878,0.10417091915383159,2.5331685827833903,1.3538049844812121,3.421612476332223,-0.8460418256024719,0.014177966838912814,-0.21103961359962475,-2.944501656044582,1.4069673593281067,1.2776381804497232,0.6010189357237993,-0.030912277882311656,-3.0121110656523515,-0.5516133069133975,5.588742580167876,4.287267276934058,4.806457146000789,5.359861028177446,7.063423081452636,4.959493375398207,5.0233461831530315,4.598164901080599,2.3641412083078173,4.61818334946094,1618.069062982308,647.059368998823,0.07615278070437755,0.04301547342333613,0.44722305842358057,0.1915660981190234,3771.4114072575103,1987.9832581716935,18.07006491958198,0
-17.004569608374233,8.460039297331695,6.846346598028804,5.980814383729758,-0.20160204632442325,1.8589040381280952,0.19499022306311198,3.557906520854882,5.377623495307265,3.183973539088448,0.9319517734412525,-0.08051490874802336,2.391947600803535,-2.3428981274025524,2.00750674762183,-1.6617273281531935,2.139605834021985,0.1532121133978972,-0.44434520796785115,-1.7137809345721218,5.571905969078167,5.9173461582407585,6.25263273310239,5.506737793601635,6.436663829300526,7.796995259523198,4.324896564891042,4.440459939485394,2.9386169294461095,6.078872707336369,1989.8190442793461,380.62830751603576,0.0923528169102229,0.052170707969801104,0.46810306155991,0.29237007162883194,3287.416505995736,1495.7862769101903,43.05423587309813,0
-17.97825874300662,6.6413840215845745,0.8966291577650298,4.46771150935613,4.89648894751851,-0.38503912921260963,3.8370117516822333,2.2819523173412457,3.166261511097336,5.741982456634869,0.2956206190837328,-1.0510070775603904,-1.4545553048330389,-1.3252399981278815,0.4739123931314061,1.4778799370416098,1.2799622924426948,2.623513678145615,0.5588205191684518,4.133835192893292,5.682411800114453,8.514202999907543,5.750800817318007,3.846410932300461,3.514929002326665,5.328966898291823,4.446130371894693,5.544300592910511,5.234551816154921,4.562605304811753,1345.9618845794785,328.81222202513084,0.07106970095865958,0.04856398794323472,0.4671274995304163,0.1877130610644006,3286.590462925591,1896.329344932209,36.35336435491507,0
-14.422615692637168,2.977657771524097,5.976892105489274,2.6284021486990885,4.181117894151132,4.3321630269110125,-0.9689488124955183,4.705011510429857,3.373916011002509,-0.5097609312113216,1.6702137087680404,1.4763520607836003,0.8290603053953617,2.8940706863166965,4.260057487500484,0.6432659318515805,3.915438614047861,3.0260620818158346,1.1070561849146965,0.9404523051308034,4.616921554007982,3.4490779281513912,5.198027357731206,3.8478852986047585,4.752436629552457,4.108404709779923,2.5680899083091187,5.116265450323961,4.169228500198797,4.746238455048978,1332.0639179112331,423.2146202084213,0.11120760282265758,0.04128551000071081,0.4939661076050134,0.186456409656198,4394.517978696231,2260.8534395801335,40.058644582401364,0
-20.062856466644018,5.466135786923569,1.6788671714123635,4.63108333699056,0.018698153918248472,1.3798255629994192,2.6910396260225715,3.4143879854253036,-1.8896299065283295,0.163746910397629,-0.2782723688114813,-0.7999897481009463,5.182866369933511,1.726739991688103,-2.4855432191709466,2.91965486763694,5.893625786649229,3.136718706933423,-3.2721091254113492,-0.7105851821656284,7.520293379023947,4.400796641257463,5.532583313775474,5.804560864115204,3.6876834341063,4.67856957272584,0.8247649062028275,3.458234830398852,4.363584884994875,3.1526601816421813,2089.7233911794906,335.5886897631494,0.07119911026606032,0.04130740577286091,0.5653018631252893,0.17820689244102803,3781.58187607748,1802.5582652548967,41.228149739041974,0
-15.506143814578877,5.152241517792901,4.951240075300943,2.8152370695600726,-2.7434424562216444,4.868018570860326,-0.10926276585689787,6.528294104040629,2.8282323930260382,1.177431039099365,2.0074087593494947,0.5620886119245505,-0.4468511459001322,1.233281367500014,2.8791428346333303,-0.5363243716124195,-0.9673576181480507,-0.3331660467353438,2.9063435240904205,4.131375618655928,6.434416694330965,5.947576960842869,4.244358971281865,5.927105579942791,5.462084412558089,3.8978464504870196,2.569079779967576,3.222815874861775,3.8636233928492114,6.04432478129613,2065.8579327517978,414.8385699620578,0.07184169294457408,0.04261623055972467,0.45097172072585806,0.29654670419870394,2938.4059532064452,2037.2857469452497,54.253777567291024,0
-14.189584118778894,4.674642364080788,3.575823245815129,3.987892563592284,-0.04555170808368114,6.897634855880318,-1.0864720251778264,-1.7854715319693302,4.006388294861281,2.9791567349073396,2.469390451721297,2.404197106494033,0.7386138371134827,-1.5288502144288643,0.8561780621509825,-1.0679042787802793,3.026034627662025,0.18791210180020895,-1.5374272025075948,-0.30346460413248355,6.4955177451307495,4.57353053663523,4.013335525320282,5.167424653790294,5.0939598853304675,4.141668189554644,4.149039747543727,4.965959924829163,2.9289654568698777,2.961043470748134,1384.4667336242692,432.92422786305224,0.08621815131196009,0.05475356216949552,0.5186127698561616,0.24200307350182865,3190.4918960486557,1549.3676588405478,5.624450462208049,0
-16.705856502800383,4.879511286160468,6.51117889828562,4.427157753660099,3.231716209501013,1.8888491819960258,-2.1854535026087776,-0.8603422837943495,0.2531080195331912,2.1441911360720973,1.0832225703881067,3.2920940992294963,1.9532992385496808,0.8501621591321421,6.356069910584676,1.6405667126248207,-0.4916202099032835,5.2054730717728805,3.52734466050718,5.040219475609538,5.866881677244588,6.421570951777323,3.2565806491131672,5.8158076930970015,4.610731250095076,3.123930453378481,5.953406199107286,2.5153424100047808,2.3714188461896044,5.084971750566363,1771.4042530980364,527.6419056010568,0.0948392603305893,0.05476658625429629,0.5060194362689936,0.24338502780287688,3163.1944421040466,1729.4447027531974,49.58043319300081,0
-19.282836322727192,8.384680935413531,3.046983720201789,5.594540779933654,-1.9860691469859177,0.16822910928223456,1.4416806778668865,1.367451484411855,-0.014052567586998022,2.557124830868747,-1.7599601643655767,0.47738462078009963,1.0699698485105165,2.000382799432587,2.445703861888891,-2.186605229594673,-3.2470501327214083,3.749747610301828,1.3571008194226635,-1.371216341391384,7.861382370627028,5.38880956115143,6.4151566208765916,4.956022177692131,7.272897509858384,6.856409010931845,4.415528736110827,5.8533851411452265,5.441117806168844,6.292357869038819,1310.5229618259687,504.88411679987513,0.10116848973699176,0.022412605135768857,0.355339318986738,0.14803839111199496,3065.296582777721,1979.3855639489907,33.26942190378959,0
-16.216786240106874,8.336114102160339,5.787201775158536,3.3267513926598298,1.9632043534126584,3.6576802409074833,0.7251086621937125,-2.9117329904875193,1.0956132619264298,2.007798317713943,3.715785121085962,-2.7696560679066633,0.4619525028521314,0.5260265773979059,-2.0864630954511134,1.8441831873082344,2.456655373147151,-0.17117521452205242,5.664047311027365,-0.2984000188341456,5.4639798351712,4.679194382437677,4.021401112053814,4.2041694081193715,3.0790933569209713,4.520160611304049,4.78325451791487,1.9481370119510424,4.54432725169084,4.700560898090315,1754.3766972071617,546.3708058060661,0.0970270852920102,0.033796362774644484,0.3910870262193883,0.2789752200774927,2926.3600818312393,1492.986495219094,31.648764185506174,0
-18.78797765549638,8.417185668611312,7.4457526170865425,1.8774099011090541,3.441392407639416,2.444792053025507,9.125773449709524,4.0489372785864415,0.7913171324091948,-1.3888511015010643,-3.1070248915530216,1.341992423001391,-1.1216460939799893,-2.841348559708471,-0.9497655439396498,-2.0788700090359873,4.806089381799058,2.7596549479291816,0.5063841861821408,4.199860347225065,6.092841969177142,4.216458958406084,6.827748892723589,5.5216920524215904,3.555304614808252,4.52159358629967,3.663543810224006,3.0281403228427966,5.778079723704637,6.941299968564157,1180.4297278542576,495.03753893524566,0.06698714861756347,0.03512874616235304,0.4026084860608905,0.2068004615160092,3224.2608139724134,1592.2624708972405,27.571825484431383,0
-14.024366827542144,4.787727918760419,3.9266442952326917,3.1839435078465703,0.18999550848925284,0.3352159111156554,2.7493629526473695,1.76875871289784,6.219412335316875,5.049030388593278,3.2416212600617835,-1.0710039559862152,-0.6421617389431683,-1.790831094786121,1.3660600411334394,-6.227387111149254,-0.5583128982398503,-0.21123544274898753,-3.2844105434512962,2.4943407864465863,4.633029925692141,5.571291198843913,8.340532908186862,2.9417932680537344,4.621738313991541,4.261047834837681,3.991923299610053,5.599801313562432,5.9942615924607985,5.575965779161604,1382.99827526463,644.7078462721934,0.04459513623316216,0.029673709309657053,0.4635783427512299,0.25446969595728247,3444.0220396893747,2195.0335237688005,51.30058272170496,0
-14.155993344811995,3.9703075846938316,2.1143177731520995,1.4186045304509478,2.9861303559457424,0.6142054646160093,2.153008570812461,6.4385019966135975,3.288922869690342,0.1849411695803972,3.912125714500771,-0.18685509922054522,-4.3260805687138655,-1.805930063007796,-4.010313135897972,-0.2537837101032716,0.6342812420915264,4.746648836243762,1.3436342238840908,-0.04775132202216059,6.995286697420187,2.5966376291905378,5.282737469730279,5.8000382326643605,3.02569650506419,6.122504851848315,5.120481403279012,4.189154503319038,5.426004905994208,7.374831429365275,1654.5598765175484,469.85764690402686,0.07081278200919512,0.031501556305352084,0.5164268653235397,0.20719580870455664,3235.7831186096964,1680.5856383087207,46.93522771573798,0
-15.868816834432387,7.072846711463171,6.550770742957319,1.3884061043858995,0.9314801438763114,0.28505223329915275,3.838197225359833,3.68389361880031,4.575869414338859,3.52150737462209,-3.171454289480388,1.5357441356288315,-1.876732737886861,-0.5680002231428244,1.0931521756188247,2.7139134958747597,-1.6388730620100471,-5.256243598075448,0.9776428939872627,7.108928958496376,5.756584536395817,5.3062985219403105,7.138596342243295,5.583329542874146,5.060233244379526,5.280539998376168,5.014578433374092,3.319794686211953,3.05693247730703,6.914193734549084,1655.1650055715472,458.00763540637587,0.07819544671887581,0.04781073267616453,0.6530952881389989,0.2761976333553897,2905.9565868427235,1766.649785527114,23.43584829052455,0
-17.53026093815042,0.8628583203355769,5.39125979323812,2.6832949179710095,-1.2249022493526347,-1.5710302634923734,0.589109680346108,5.422553813223482,0.4621327327020992,-2.7578573827952653,0.29473324887604824,0.1515244089641572,-5.97298583812316,0.5785485479911838,0.08933034114497174,2.365515912033546,5.21062553148101,3.371968129424949,-0.14590593691339226,-2.2663147718541756,9.088031763899831,5.321062120817386,5.016715150295536,4.8460498954679965,5.037701712921426,4.576767505691269,4.025891306029431,4.03126927051153,4.627362742407469,3.9978902746394827,1386.1462651968507,458.5144182153517,0.0749004556515829,0.055039929885826885,0.23792241532855904,0.30457534259612307,3823.0425962488143,1281.6524418979625,13.538213526189187,0
-14.275394339578831,4.362946829069089,2.9586384164271795,3.819411902329152,4.083059694051855,-1.6496808736077309,0.5238440004889194,1.0760254427174745,2.324401102512244,-0.9316678556836773,0.6860379701067336,0.9082924196512279,-0.9919444894180555,-1.1065021605840006,0.9135311107600032,0.2991371350319795,1.8394290926692278,-2.077591246056935,-0.35038803022328424,-0.07304012888398004,6.976636689748326,4.121503470518517,5.281582406186104,5.178306609045464,6.775676691215968,3.541492762832487,3.925605732544722,3.562673181332015,2.662931660184587,6.767624321115263,1227.5496307152632,384.69556727561235,0.1063153301656432,0.022468929530617847,0.5105081255429905,0.1793487827329111,3823.3473682647937,1257.5305782397854,28.98695910244242,0
-14.472456331993454,4.758217220324019,1.9710356163109592,3.4978402858801774,1.9059132439378792,4.4249213717079705,1.7141405502265277,1.625754403654694,0.2020805805764715,0.8576359406973313,1.6785953313210569,-3.4420876483082306,-2.6012327860335134,2.5724459493425016,1.0938302619865212,0.16504165911830215,0.63432012678113,1.4245098189597332,-0.8230834112997195,-1.4457618135057817,6.235014306117218,4.075952666861962,5.489903306857366,2.8318996749145917,6.034986764790772,5.317116978895651,5.021521395462365,5.866729180734617,6.665236000021759,5.8672440780217565,1047.7377306005064,347.6338426611439,0.06750362844608643,0.04026091050210834,0.49141272163752986,0.21371280934232673,3293.383382238539,1611.1542669116693,18.494201032472652,0
-18.810038104317577,3.003902381457366,6.68661313258367,0.2905555278393286,3.4349173980041887,-2.7172676281050503,6.631858070484283,0.48861590378185626,1.349413128480409,1.4475919913724127,2.4280080699193056,-2.964616624132109,0.7558895921391111,-0.9326363501676772,-3.5572263985290085,3.0928055003217754,-0.2921971648813294,1.161856619586854,0.9759293362938319,-0.3371306809402833,8.370032824356937,5.1932824168451885,3.1304572187879987,4.394542367780018,5.399685144134532,5.3891141312446615,3.4089485919716003,5.802879008813724,2.551226352021419,6.022962243139702,1204.1956332587783,431.9003824793059,0.101291373560534,0.0411960566888707,0.5153358814170856,0.2809330979854966,3843.134306702301,2065.552462728428,51.70576083609256,0
-15.175414278646617,0.8475976662100217,4.407378881164798,3.0192192179077777,2.678947092988434,-1.5252047728841067,-1.2740699224492273,3.882882133332259,1.0122232264694735,2.703751743431561,0.979886849417062,0.9077236820726964,3.114940284170763,-0.5758261062577205,0.906968609019125,-0.5306882217626061,-0.4980052744631419,-0.21737475311604282,1.0816502185579662,-0.6968715541586934,7.506907350688225,4.176471237336595,4.775754027006369,4.3473227300709905,6.536373461224479,4.98586573181389,5.952499161648076,2.9048275523556337,4.987126985709778,5.717556954748125,1624.6851967826271,535.2384300052281,0.06965423099799256,0.0540934744018558,0.63391184988954,0.23185807197801706,2977.248739299614,2163.3461192794252,28.17463512523886,0
-17.181576568427527,6.984144854950884,2.582432113111762,0.48803270834918777,-0.51528973270874,-0.9606132279038004,-3.405624324197472,-1.7684895791159363,-1.5653340880818072,2.7065580911428655,0.49478327622437135,-1.2306287742103188,6.543537657746236,-0.9454565695809499,3.5844239526257566,4.677771394469288,-3.3366655500257103,0.7404629657394757,-0.7675183377968761,-0.9973109913983393,6.66645218016829,4.5025554042920595,4.404837144408235,4.673262125249647,4.351920877948117,3.3417157515854496,5.669373520102683,5.945737126209121,5.079008974108928,4.198136818773281,1388.4367791010657,393.7103949658843,0.12714752730065418,0.04937838301566644,0.3827911937133329,0.258234891371857,3018.732487450319,1945.9500940390726,12.123320670554229,0
-14.285336523187738,5.836141974967562,4.97969401501541,7.525511346915874,1.5576319312648765,-0.3290764446794676,-2.0197266414648896,-0.5773250998547976,1.0282936789266184,5.486394658794469,-0.3849373384995195,1.3928032124305796,0.7281735290488891,3.6852688979059245,6.983997731350721,-0.7021719323008015,-0.6353633121779082,3.1659577482282355,2.2310445135394628,5.116768314340084,6.700713822391156,4.818849491055529,5.708785796830771,6.205444296699489,5.7845786174368365,5.358728837328758,5.994295341792699,6.0906547085348075,6.325257455911699,5.428451865107571,1549.8645759049436,461.7370949146658,0.10413017933016713,0.031830643290127636,0.47949386470983213,0.23033305938363197,3214.3724114674087,2119.6129656518247,5.351222944425847,0
-12.955618260309876,1.276517350876735,3.394938579404794,2.7248903703169742,3.883260672694123,-1.708954363190396,5.166405792364958,1.7840760610712754,1.777562477848452,-0.003449393330566153,2.2541467960830186,0.9532184590410975,3.7916856294969334,-2.889449905873324,1.1055312413929368,1.6462808709435655,0.12230430820991783,-0.45610900271206,-0.3810774079480843,0.9365981734195701,3.828049318823153,6.408017953275875,4.423841758764979,5.028363236840139,5.24052272014568,4.119033535224452,4.55703962588692,2.2452117112493952,5.545214995466353,5.946082800386598,1089.7019344183739,417.48056986429907,0.05540261243518371,0.03822259678512594,0.5018909067776769,0.29936544496283124,3760.9265947134245,2127.6359561730533,20.029273984901515,0
-13.374497055103348,4.752060340551543,7.949925823452498,-0.1752119158153813,-1.8138129273118473,-0.06310350803644438,1.3146063876826841,1.8583486233067297,0.5080209664702865,1.880138491285742,-2.219757651385201,4.442744843516482,0.5638528232493473,3.5075252932560335,1.523480032610927,1.7668830478844597,2.012653494698157,1.6748269555988429,2.133122689142544,3.8228813253310783,6.235825403641764,6.100804509106215,4.892317166855328,6.603140658539367,3.9883292375288764,6.911128519492978,4.666096173512503,2.9705698774583422,4.820391964559614,3.8327380110301434,1852.1930646966173,397.7900816558087,0.0710763313357044,0.02110459269054469,0.4138154944600739,0.12880603366855214,2408.0485882571384,1990.1036640360744,43.22400373695984,0
-14.069671522267097,6.197180409829589,3.2728908905880094,1.072488200901067,1.3416952434650902,0.6584429117338659,7.433637133160069,1.1934922763879512,2.4233330577709875,5.454062726063418,-1.2817057608445444,0.9274839162531777,0.09626544002729698,0.49893960057730447,0.21913674887295304,-1.2046927140755428,1.0767610066092295,-2.1010263879846987,2.9985226327462295,2.0582745166365095,5.407844620363181,4.716020014351368,5.330612674817904,3.916745621272581,6.974376148961845,5.179510874430123,5.186201495946127,5.505234096428743,3.9713107377825825,5.956811978141729,1634.360009864639,526.0116376799066,0.07604093746863338,0.053172782267311855,0.4821074901619832,0.35912535120885436,3015.239191588885,1851.1373490226863,8.319364619481009,0
-16.62854500903612,3.7902854148641962,2.532465062847533,3.560414866004791,3.307088720088749,0.23241665682021928,1.3676849479189714,6.605675896529659,5.429969036362889,2.0908091741850803,1.00409960451141,1.1334116501289866,2.3030257010568107,-1.8426956987102994,0.02322532310830383,-3.5464601846939736,1.5862931006308454,2.1735454048124083,-0.6816503662747507,4.434966908225082,4.52908120439719,3.492750143748216,5.269342182271966,6.131517963134585,6.820713229749442,4.199338884557272,6.008702714403269,4.641289836599151,4.459513906737683,5.710391924984007,1795.696863524026,323.88862744126004,0.10953080699451792,0.05380091354147452,0.39995498387923767,0.26979017667187044,3447.0150931413696,1865.1684414559768,14.882570987863309,0
-14.190499680985138,4.271275052516274,-0.7928946917610706,2.373942870696281,1.6081740044436854,4.322670441354467,-4.1574946772140775,1.8379995721367526,-1.7778090091531822,1.7980583554888665,1.8447910480341738,0.6162213905078542,2.7874635812584794,-2.4001294334635332,3.4359677923709175,-1.1451971654853534,-3.3015113321070917,-0.1254343706939668,-4.711578017226279,1.135434730615505,5.688899468903729,6.730424305651243,5.778709052608395,3.204604395374388,3.7939350106585374,5.374797304641051,5.730780526267756,6.154501097864257,6.124077809033085,4.542572867702513,1708.7966866753507,553.8990803155037,0.07393383076128103,0.043797261869401236,0.4238495376256279,0.22245259427672864,3224.1925591429017,1628.1141371651022,56.51331307622288,0
-13.168399806961052,4.798208549728544,3.52992130912356,-2.4955017113302693,4.290819186756204,2.5328878564116484,3.923596703220559,-5.990638445484223,6.33204787306293,0.6510259296120656,3.6795479509347,-1.7664314844804938,2.3011655318871935,-1.919253193648426,-0.8927557350728462,5.410078384666965,0.11152929220928065,1.0991377385048628,2.7014851161955695,1.7392047199315117,6.180502686172292,5.687953202959471,7.884098702285931,4.805857443559698,5.041318856057961,6.010785275209134,6.040916833835295,6.111936366672456,5.4331429331016885,3.27839410472342,2090.0294596903286,358.29236855850496,0.08605270930478066,0.03245724149980642,0.44486893227256064,0.266438120515174,3360.6786077251363,1905.4801885588213,36.18589435426673,0
-13.588992530266834,5.888876574185882,-0.8786301537178214,0.16569436814944316,4.61730031912503,3.0915424300201226,3.232237113034114,2.838492330537243,4.335502432049546,0.34650018761219314,1.2103408060641616,-1.7383524994893764,-2.4258256893601713,-3.39506607468443,-1.5462420808329527,4.506404538724105,-3.293582375422447,-0.203284408387439,-2.7065475196417106,-1.0024349075084027,6.203632550822423,4.40986095215399,6.3075978380197535,6.71577374501948,2.101085126332873,3.9304092035786526,4.785256261012622,6.038840431218457,4.121573536482752,4.626077525705028,1252.9767324844154,327.37633181901236,0.10890769379165868,0.021759301261070632,0.6362895206737254,0.2862575699690871,3539.986537758378,1943.8671668736076,44.496769192457194,0
-13.102678525533086,5.702978559923439,3.5938360932130236,2.343517180251194,0.11508852783330936,0.9649789744997316,-2.803820606917035,1.0041509330131253,-1.3603666567661823,-1.7589732930394275,1.358826286974605,4.313339049194831,3.0650222842365515,-3.211965794772228,-1.8074036747591773,2.9769279699705398,-1.8679831897281267,-0.006027319437005962,1.9014460370350639,-1.920861137159088,6.126450607375152,3.6491694060981548,4.278358827258543,5.2587383209710445,2.888407519761997,5.278569685552479,4.690720355573697,5.350487945300578,4.935363627544261,6.2869685159686135,1637.5673507943723,415.64755670997977,0.08244595006064567,0.045432980290363884,0.45390880562605634,0.25202958456019414,2849.0041560966224,1634.274770612263,38.603954386804546,0
-12.126450679340714,4.247739951596602,2.6450252745697584,4.378439967689864,3.867913060648953,-0.08541253049854736,3.435825473935644,-0.15112037872381046,5.660043727857749,-1.0704849531644092,1.5077845633556506,-1.1217107589356852,6.3259698420684565,-2.3802666459320756,1.977573534798943,-1.2122760361944986,-0.29703380950232017,1.6894001399184952,3.587776883539042,4.558491405747614,4.155662447968416,5.571301469237355,6.751392324060226,2.8526268734856717,5.177260192865816,4.747499443095779,5.21173589154146,3.7607351696082296,2.943924072810539,2.3542722897851704,1892.915186038631,538.3239309186683,0.08605370697991972,0.03465851650311903,0.32015632852274034,0.2781672731252512,2649.6103585816577,1622.1753438098656,24.524796820756553,0
-14.914791329351935,3.0750669223533955,3.917798112810203,-1.3897391155090681,2.8272005805361426,3.750489070688978,-3.55576767785721,2.1851414246189305,4.180283592294342,-2.0241025467280136,5.090521876185168,1.8808808567484463,-0.9932988701652529,0.5748630201414493,2.0624839479709727,0.8150134785310288,1.93512527523357,-1.74612842714286,0.9497178495638792,-3.0342862422624504,5.86652872638156,4.165310830242253,4.117364068892281,6.358311810252525,6.109572144713122,5.4809657450886125,3.4035103966786195,4.307809860366238,6.122383906641687,4.8200602963678865,2295.798861994508,481.46542715154976,0.08384098232980064,0.036908835357974984,0.4606832723825826,0.2423765081809728,3554.054338344295,2039.1755791986461,6.988820928861916,0
-17.676485845589006,2.775634745533578,1.572614062855361,1.9027981303335066,2.2179660105160757,3.436889471308358,-0.6916753197766508,-2.752548244254381,6.5004690191280865,-1.8286325516310749,2.9999002165797877,0.9115005264550197,1.3974948712467201,0.7104094496959574,-0.29543803820114733,1.7849307073086476,-0.5082327215255921,3.4713124236475297,1.9474183051140703,1.9989852832037345,5.391452327932091,4.966374315493205,3.574504629629522,4.4513807319293255,3.5561089003724433,6.325682218706458,4.774928692998522,4.892096682048517,4.3964908338466415,4.887094706461689,2339.463290757305,425.9887772486007,0.06699173930580013,0.04529693132905443,0.24794250931180095,0.2531978393455466,3014.1435483535497,1551.9216834909764,8.749477016202146,0
-14.858375187757233,6.324231885891827,3.1570863881856055,3.716254109565505,2.1611860370253004,-3.2719997492180113,-0.9197670559754572,0.8897811106959613,-1.9131257459916577,2.4998218249905113,4.735967989950153,3.8802379625766252,0.23562359190524929,4.441101056410594,1.0383353096719454,-0.21771492779509838,-0.9452713647347023,-0.2006186606647653,-0.44412625687938767,0.9260405559387193,6.192688777259837,5.253655224184097,5.5243258036956195,6.30377552974361,5.9394649625295886,2.968122437860116,1.6495803524033685,5.808683893487128,3.0264122285681614,4.38028151772878,1248.9660921821921,305.8415649935984,0.09082925456409577,0.04759155160302647,0.40387916794186246,0.1204478853927545,2926.8777758737588,1897.9510013506367,34.44205722989254,0
-17.485265582605482,4.92265250711094,-1.5670616874012464,7.65139654154013,-0.9826498872755907,1.5664453850252833,4.34911573311359,-0.9072633468762463,-4.645631362750681,-0.11236440031167882,-1.2779600410993885,-4.857600438146672,1.4814555006612666,1.2320203698680932,3.522482803012546,-2.1770559138009684,-3.409605921999885,-0.4612521520609041,0.3054591419509466,2.8033740074662408,7.69268160600619,6.707374960688816,5.3318524002712,5.834399104204977,4.031407878276979,4.952074230970296,3.284737547140347,4.762722476264248,4.773042703544282,6.716554326821964,1531.305141552926,457.2034270122629,0.08473922831424086,0.03545179684111547,0.3858005813430682,0.3149405662423526,2709.5412785198514,1468.0204820781817,47.605944214965,0
-17.617277456704848,6.341631881318215,6.297593719990825,4.297383276662667,4.490119214514541,-0.22532105475698505,-2.125955238283181,5.003334129888717,0.3044115140057718,0.3729174588623816,4.229576263713554,2.223908356834983,1.9089501994347882,6.126791576538424,-0.9421289092836908,2.944600320203093,0.7307681063603584,1.227036252713698,4.3474868555050135,1.7695893907240594,6.64595529485956,6.537008804771762,4.562056724548538,3.8679483991931924,3.5462289671747595,2.390372092748798,7.1817342702141005,3.36364996113398,4.401162318363741,4.317824040133296,1692.2220093427302,515.2589770031437,0.09720946976719491,0.034169225614310614,0.43663026289708706,0.264128997524415,3075.6544369082267,2201.836394004998,51.30992040895338,0
-12.778502799172813,6.836122583719137,0.7363287633269437,3.75725101228534,2.8156866771167137,1.7424458104025222,1.1926420534829756,1.035266875705521,3.1428346752211,2.444776284478775,0.9852880347550711,-2.8965070328451032,2.0053393044398153,2.523319762230163,6.417691880284092,3.313582657762595,-4.159705675671022,0.7516290531021623,5.054753361136138,2.058872142254093,6.394382592447851,6.330274390698283,4.253146166011036,5.448707995952947,4.499438353209707,4.726451817027431,5.708431133119842,3.575444277009382,6.212245635228993,4.142625646697349,1678.1988499451222,337.95936317800454,0.09439674581742781,0.054465039359465776,0.40882867606254825,0.19448883067452,3338.9915323713544,2163.702661247936,5.287628744860201,0
-16.9622457827056,6.620701084609648,3.03096296181388,3.548831109767569,-0.21873044450525025,0.5730209158581407,3.234524823140857,0.31791711977058257,5.428520739194624,0.0009095359634940792,1.4708027234706238,3.1648104130160584,-2.77668356310181,-3.6877363156662257,-3.1474741197585705,3.781460258567955,-0.7914100706134698,6.951053769726186,-0.8843032071697873,0.9613782579925925,7.85053194308145,7.657311465790947,7.473804291963678,6.325039476711771,6.028875030973754,5.46103233904142,5.648319005685679,4.02607714040576,3.6848280065598984,4.645950651106858,1548.9446132425214,413.741756053818,0.0939277489491343,0.04955305208570511,0.4570725509033478,0.3238765040527631,2629.1554429332473,1751.5851351800704,23.050601448512136,0
-17.108151510734356,4.661892760919922,4.5334822835500415,-0.9136550554804508,2.4746195905311605,3.1085618321493467,6.083085887745508,-1.4417254230628251,0.23708064416660202,1.6541574317411976,3.7776142345699246,0.07277363040379858,3.7658341992083972,-4.129120076905435,-2.466703816138048,1.4966108608355517,-2.9388259511020407,-2.3806207613612367,-0.7931263711411639,2.42859747978956,3.724842190431253,5.454358034594873,6.239556736583367,4.64106574988525,4.357403724488951,5.232125539070289,4.483752451019987,6.356099737488896,3.332971052105345,4.588027013801899,1661.7059124882053,419.72367585228324,0.02257434674085078,0.038390950919508074,0.5220141589529973,0.28890545930630085,3377.3892410851,1525.5344104126941,12.444474525272703,0
-13.084799304038274,8.06733305971077,3.0829481421334517,1.9908156245575852,-0.19495646689140278,-0.4005342184329834,0.8623741988176117,2.168413767040445,3.3950726766942347,-1.0079473767008622,4.640812331489713,0.1555243307269114,0.7158125333596789,-1.153743483583844,-5.393933984015687,2.835113490902624,2.4303450368487307,-0.14776333723997792,0.693792582535864,1.7898480442602487,4.124944971736149,4.615136787184446,5.9531176155461925,3.3698526921969005,5.1522695185999545,3.122101834451914,5.274001693205946,4.6447302212430195,2.7285084875800556,6.047687225348606,1379.6225269605852,385.1798050388495,0.08401138394461886,0.051486373494287155,0.36873425448172825,0.2530839924923986,3414.4082501652865,1973.276401815786,8.721759904500086,0
-14.051294857086232,9.528762031483792,3.126713870737861,0.4274577008540934,-1.1658512640642607,1.5217067980860812,0.3076208809367229,6.275023223250003,5.535767162803527,-1.5859320698089947,-0.8678093497820373,1.0177586030505488,4.2622968256276765,0.8568185552133424,-0.9514349283034497,0.47779547524318833,-0.9829768656224697,2.061748579154261,-1.2462684896880787,-0.7760901310674175,7.394320576147315,4.327962063223113,3.2646463609278054,4.988992501627566,4.3674319149544845,5.363698601115944,5.095252035963022,4.649197806427965,4.5934145561026725,3.7669698608125985,1625.004121297973,520.5027825146215,0.06053106517201048,0.03994602623638466,0.5330711004587689,0.275271204660835,3854.7364481753566,1657.9644175414164,58.046215964544636,0
-14.71682397365559,1.4043050542065831,5.631405669771342,0.8296397861525151,6.683244440543864,4.366786830953288,0.3102666894245507,4.452540904337782,1.2807498874296195,3.1319341878055487,2.120922952327096,-1.2825583041438504,-0.8396438115628858,3.2891877582386173,-0.1702716635996856,-0.3841211581049917,-1.799571154255735,1.6145532195392083,5.682628087581547,-2.1688322856356823,6.02906334800731,6.9446646664985145,4.904430330505142,5.417846155499681,3.5251277662237444,5.263968516649179,4.489712596280256,5.870375994815836,6.091529928544368,7.757476370422337,1773.8899519640727,476.0637053265733,0.08388768603154673,0.03646833707189312,0.4770787074769353,0.23522992949304852,3284.2304881348073,2129.39938390199,44.06335392428213,0
-15.75915380968499,0.11180893422474725,2.9198357879745536,5.764924793317972,1.772077201109532,-3.933458079632091,0.18266544809031227,3.7317213472819803,2.475654047516149,-1.0997022412768387,-0.5041210319067956,-0.19343831442270865,-0.887553660426556,-4.359898955063241,2.575644418216306,3.7676498917227326,-3.2078870657942034,3.665187887021342,0.2687577859806447,3.562830870419686,6.045540523548535,5.412653510590356,5.446921576378656,3.926920409837666,6.2336089731936255,3.404343234310258,4.2318056208657095,5.316617613171802,4.055632378084111,5.583037488977933,2012.7598519551868,531.0036800843069,0.04127769372642757,0.041258469696193574,0.5322946088557113,0.18416255765889716,3561.8052936144377,1966.865195409828,41.57416969117974,0
-13.975453357678719,4.396855863453644,5.014767586340161,7.249704837238039,1.668415634043566,-0.769656595009937,4.196273101788861,0.9490470901160044,-4.32056275392398,3.118554192876054,-0.42922955579389777,0.6070001275729314,1.5991815956533055,1.1905349137333803,2.4402962095142655,-0.46371592642460846,1.870999789557854,-0.09331113840423744,2.373341991692442,2.0384187100326336,4.877473557546486,6.553178539410038,4.3568438658631425,5.844669357937374,5.240744776081608,6.9558204121541465,4.446126535439491,4.268319844658163,4.643363139601388,4.28618426059887,1839.982570582615,320.69515132507297,0.05892635161707292,0.02932197078420807,0.526024607357886,0.33553066862909625,3147.7753907312645,1757.7945692024973,48.70180532851047,0
-14.7921938358583,3.8322414830230596,1.4988633988699238,2.5901584786740686,2.868825940395186,4.575438586554134,2.091460246818647,2.854826337403878,2.744319044234956,7.7188359142424,-3.6159900990905385,-0.8865013337596112,4.45437090045097,-0.16574697284797058,2.8811745106709648,1.2000238094070914,5.8512412971376735,-2.2270805121037247,3.580817170770717,4.873953263181248,4.7826973473984005,6.189444292297615,3.841402417005133,4.91119388704215,4.492094483781392,1.8666952781203756,5.223366825939993,4.8595070011274775,6.441561434753579,5.3833723855794515,2287.2651772236286,458.56339056629713,0.07788939895995385,0.038156433492829045,0.41483290311745813,0.13961245418087154,3089.902686496021,1283.036318391002,15.785374200611612,0
-18.761800935077506,6.9001399092240066,3.5394327156695917,-1.1438787486623263,1.2269773073753414,-0.21372434730979117,2.2265077046193795,4.601126115057861,-3.57682006300325,1.287565197868543,0.5087589201743081,2.5116835244594977,1.3022223398249921,-1.1656376150613332,-0.1309681724998788,-1.3650646420087225,3.278253140614143,0.6088346772354112,5.279292503856203,0.34834796546344804,5.149911879707445,3.4335427288646074,2.836232388492866,2.974036868393412,5.12055198121378,5.3604700278759205,2.8168568718471545,5.761545976891338,4.08699340464654,4.82615161438266,2083.666188476627,521.7471452692425,0.07462938704188335,0.031088077745847126,0.2778547678936556,0.21404233403787898,3094.4348805861528,1553.205118212204,46.314792629463,0
-13.720189772426814,4.579229415094827,6.399346193009293,5.392740963659897,4.9404377630997995,-2.6682921568767144,1.9453815466839144,3.1473465003048693,2.064957517584439,2.591490814554573,1.0549684198046028,-1.028627183482984,-3.47351269323486,-0.8996378573354743,7.361941350762648,-0.5891279402266802,-4.310240271109213,2.3871789573782625,2.6649658111802963,3.7183109753803505,6.5651742044481365,6.264721817360342,7.208260561810389,3.9804318095254616,3.667379153491539,3.4364961525364857,4.395362210492935,6.407606903790201,5.300348707962149,5.236430343251062,1054.2076214005829,394.54505382108647,0.04328684734275926,0.051712457893215436,0.5768517194308587,0.2889783363620191,2706.6069771302273,2170.5056234039475,14.177311093431404,0
-17.76426167121484,4.462697424278161,2.5632476228689804,4.44915133067335,5.275771865299021,5.155876193641557,0.02315136212567337,0.7269453156386806,-3.0974843694412644,-1.014675166240472,3.3212199918345533,4.8722903922039125,-2.316641410469036,-0.7668749335965214,0.6006522742693491,1.325402897049017,-1.435773505686468,1.6157081667157798,-0.658282578203606,0.46386932280430226,6.65554109760444,5.257706723773126,4.476336931368118,4.743468235289003,4.693964448953597,4.305986764141447,4.403730439085192,6.60587660460566,5.339770004196153,4.295423618365008,1809.0863213532207,423.2944408195192,0.10346249275173283,0.04369642192198094,0.4414158284796617,0.2723858462905139,2414.5619239657503,1518.3081327725486,34.777418404117185,0
-14.541749469737518,2.0492676510252656,7.265369935626287,3.126131019319444,1.4521099507173456,4.735968859514613,-1.2299335878559485,-0.933524085219521,-2.0425259730266614,-1.1625980658724826,1.0618799325093786,2.0682130133176346,3.1727849826496257,-3.8475244029661333,0.23700920050843732,-2.1454113279770044,0.07501756539739468,6.390964505873155,1.2559701944737216,2.748662427870615,8.352829526593256,6.6028298918097095,4.4625026243756185,3.344001496116074,4.763826876574979,4.0687530589375775,2.8848601703427055,4.976609996747363,4.985730224337867,6.7729400403159445,1491.471079348956,472.40971111755596,0.0666902917061957,0.04873169430693466,0.44003057630478964,0.19137041955736286,3193.264089167421,1897.6307243912502,52.495113738299985,0
-19.432581170517203,8.154803751784979,1.069002581176786,0.8655841533779505,0.5108467648912698,5.10276189959371,-3.91061410637531,9.094371334149985,3.7512531337762405,1.5580972853228992,0.7718559075501931,1.5472185204774758,2.072036840179115,2.327324679160857,2.055677831675288,0.8489517031381221,0.09488924334933185,0.17737234642177635,0.039045088591981636,3.3344252421676615,6.7122680667370345,1.7215336384028639,5.787080931835713,5.10868343366253,4.777549492264923,4.283777856293337,6.06322097826893,5.824531754547429,3.739213465278336,5.138462744549442,1308.5029796376143,339.63054681688556,0.0674656555082007,0.04862393472382759,0.526250003630087,0.27565427100486467,3562.5478934239986,1929.0445717787395,45.726187257443556,0
-13.946550472254794,3.515399594383403,5.076090473104014,5.45613456651326,3.4612580402982727,2.7908064332312925,-0.48906483785526267,1.7795426974361948,-0.9394922125106429,0.9399303547984901,-3.1915756889723808,-3.2480626741468996,0.29161154436319453,-0.65681346528176,0.9336346503521004,0.28807855221220247,0.6637122621430347,2.077074161447407,-0.6318565996783968,-0.048609529112157546,7.746025467315796,5.253700952190032,4.784947430449534,4.974015239187827,4.606362752388563,3.8985132484561307,3.51664990967005,3.7713823918199942,5.714169690791611,3.8941136943379058,1553.522619449117,506.0589028106318,0.07443217658378043,0.04633361314843652,0.32673655660553064,0.24337416602290518,3239.4480482992544,1805.784680774542,38.19212028238582,0
-11.598353510403372,1.72794900220222,-4.21544705621873,2.959623861884237,6.501277953777134,4.76403254901526,1.952719966757993,0.02090953591988165,3.128917602704387,-1.4338654992611715,2.0999853324814572,2.0970087312499004,3.4197555379779687,7.613435811563408,1.647706584613584,-0.6474090642687469,0.524299513637661,-3.86713420666724,-1.2104670382489613,-0.52320609528276,5.371093922478489,5.432825846440466,4.013096081141359,6.220236800789365,4.800248477901836,4.738839614633663,4.320812054470213,4.873728820630775,5.656784584267829,3.60944374114692,1402.565053277423,425.7019176978668,0.0530825815305357,0.03180742140278502,0.4119023301164273,0.2937194590356364,3331.2806645009623,1848.397477841886,28.859958076709123,0
-15.565652177934378,6.890133305196616,3.169464316380821,7.454229516000073,5.921946510257122,-1.6535739894177033,2.734180631691453,-0.7910099652526044,1.589878458092938,1.1709265732756526,-1.7293766336403094,3.4795446921591453,1.2774881281534562,0.00257812510425548,-0.42860789394232046,0.9744424244155888,1.6080478379033605,0.24311608965989046,-6.554983137466837,0.5422267906062092,4.270221526068267,4.99865692122111,3.3145228915164298,3.1752028379046395,6.282146186338234,4.365889622866732,4.2382911224994135,5.2665288585943095,4.221958038979725,7.1745673105528915,1518.094071782194,479.21003295864085,0.09941882662753722,0.056022532256069096,0.3906395091473888,0.22910182480806776,3837.2959376467575,2002.515576013173,22.35950390698425,0
-17.97352973216832,9.106682383139908,1.0817814967136616,4.095979814020957,1.1784538106275384,3.1746352443725243,0.06828642328594703,0.8430177348192645,1.213409049600414,-1.5054686394536816,2.761151772641224,-0.44970058284562964,0.19773098088072283,-1.7715877222355663,-5.739167480321609,0.14743059349957743,6.619773848149936,2.517066275300615,0.47816484013769756,-0.15722707302066918,6.026959071374455,5.906542938210252,3.583024621629386,6.212186033602647,5.658457578529493,5.6118228708495215,5.240456600857387,4.711039989232788,5.4741001498268504,5.360176960489654,1493.7877867176928,404.1118581682479,0.08203712590523973,0.055490201514951876,0.35087143394768794,0.176623736712378,3282.3804206182585,1812.7219254640045,51.58834548411447,0
-13.324450256806653,6.692415968348843,-2.350407314454927,0.15927841898306916,1.0104280481708443,1.217606666078574,-0.42926423334853103,-0.7425070089554549,5.289818339066342,0.731102170352729,-0.8285182412834396,0.7304096410519584,2.1119578518836284,0.8433516560637342,0.1523476895967335,-1.0000416716761331,-1.0670918195513504,-0.9389654106578431,1.3733522915005265,-1.9854502310044682,6.4719230681642665,6.945593706752196,5.39084882937584,4.431497365299435,3.242247737934443,6.643728169493817,3.3102645335670196,5.705774441370897,5.432888099380049,4.365877676443128,1521.1063588657967,303.1430980767184,0.08660130001625244,0.04619926332395805,0.36287359070817565,0.24220892628354485,3218.930957504475,1946.143156987392,18.304131176208905,0
-9.940984451925901,5.016999611399995,2.8582357458295973,1.606386442973932,1.5490207955939805,5.098787853357992,-4.101083349752338,5.083584253240813,-2.4487817700142513,0.33336917691396306,-0.16402014165574552,2.3047165077601326,-3.2260801104785997,1.8697173794905715,5.727440724883798,-2.782935011482026,1.0625007131436361,-1.099399888935967,1.5910338049562736,0.5478694435393802,5.230215709146829,5.835446741845288,7.165217731744091,4.645915449927242,5.663709530577818,3.1980724505546037,3.566562062104104,5.254387533456453,6.447605900909824,5.0767360185427926,1506.0825908430536,449.9433124338683,0.05499184532060565,0.04604515326355367,0.5205866449858727,0.22739548335834597,2964.978926120249,1866.4695574130121,28.57861115425385,0
-15.049372733836568,3.7835502733154813,1.3429065715989719,3.347484213273116,0.10501944370331584,-2.2492076657435645,-1.9317147473365386,-2.758151167039874,1.729890902551622,1.3760135954404098,1.1603911453613138,2.3026624645331895,3.7491279095235606,-0.7663806127770739,1.6828603597627119,-3.324038768514692,4.035009659776024,-2.556522539989837,-1.2488870081274097,-0.9942737843327312,4.1684748039333455,5.289090692890274,5.256684641841778,4.64770359482214,2.9517028415627076,7.130063481822054,5.373362670087692,7.84856645237995,3.700535578803116,5.799458673812373,1833.7821662182491,426.75399175221105,0.10822101802118449,0.03594589992386221,0.42112868644603146,0.07642850540308085,3404.5140268713185,1468.6225220793983,15.237474376434136,0
-12.78278152475675,3.948095515797367,-3.1772013082345016,2.997370366991236,3.0918463793337736,2.677403554070911,4.518026908126814,-1.4276341991226222,2.8116513747372345,3.981268781194937,-3.5373780509253825,1.6324628981307763,-0.49121880828840936,0.5104790315315996,1.5358578755125074,-0.5930714102838808,-1.1010349037863825,0.6409365992756171,-2.1917990576833226,-2.2145628222129634,6.815247939547804,3.871447157809613,5.799575001091054,5.430109551424741,2.729031925451284,3.9369224171972137,6.147216997942561,3.510101362632382,4.109381551895401,5.204473071902276,1835.0171527847785,429.87688911644034,0.06804979610616717,0.054223698616985075,0.5891119731038064,0.2989429025390898,3242.659071282512,1597.9335695897685,44.01264556599352,0
-13.799238367466753,3.576540749629682,4.754533896519829,2.7632733021977174,-1.9711613510438952,3.6490038003994343,3.854554903188556,3.258412622052907,1.1944309252756162,-1.390442207874118,-4.863868419121254,1.22596734683696,3.474085918582892,3.2031168869934166,2.706848775151286,0.43947255362652293,3.30689572919639,2.8659601151953122,-0.5302681123302112,2.191495041539618,5.35684902550885,5.898029077940307,3.4410600268387195,3.408345829592494,6.069848456332689,5.875072146645718,5.474619562976712,4.793062585263397,1.7971373494376888,4.560148874152213,1736.2549501569515,407.2213401952327,0.06575011614383525,0.054444203881536916,0.44517688068867106,0.272739758482119,3587.0657308096825,1549.6407308737305,49.94204781085718,0
-13.748335696546976,5.1244342179524,3.3509912299037747,0.8491971513163823,3.747071050506337,2.719099027640141,2.658618548553427,-0.0650871066689509,-4.272246188566999,3.742881779384239,-0.2880027309301013,-1.323606076774468,2.5029280490157535,-0.26574588551210965,3.316507626783221,2.1675148739417436,2.297158602118841,-2.85933372244578,3.5561757529396854,1.1531263280846402,5.556867432904556,5.422066160810702,2.868517720522016,5.365383373776805,3.564754190181514,3.126795656987759,2.887454690824245,6.02272604998791,3.9115505942353206,6.490473251899799,1439.2595610843107,313.4113633925642,0.05766951120102682,0.05235811620006939,0.4375281457650666,0.22258563517546995,3280.0091129263938,1925.4456840418864,41.93135317669638,0
-17.96365588398775,6.302420413937072,7.134181426607091,1.2630476355827915,1.2643378205161087,0.34657417203427854,0.16088238976266456,-2.92112887977762,-2.2096762675515156,1.1936842968430748,4.693085845722855,-0.7000686979623739,-0.8376624881406259,4.9680883903375515,-2.1039769878733003,-3.5281079067660546,-1.4830532962261023,-1.1014056414303597,-3.8423169222639793,0.17989573431347178,7.138135619833842,3.7068542715422086,5.105093862744307,5.3501228107521275,4.699938869670848,4.972831107689271,4.951078429399967,3.7122264516978816,6.464965753080909,6.147308200891459,1956.9734191723503,531.094059243509,0.04850041061133952,0.04926062377811966,0.5024481142039606,0.17317381925281083,3092.544822424961,1869.1983623313222,37.317222911017105,0
-12.38170573344638,7.923974981069434,2.759856473163264,2.391307625465344,-1.8277687563893052,2.9523035567112537,2.8587150328567885,1.0945224575017225,3.9219945107873677,0.16480692255014873,2.32060572382491,-1.7158275133969556,0.7103503920451739,0.27840006952862467,1.2299364717690207,-0.2988173220833965,0.2595538049384776,2.6206734841593216,-0.5655948036218595,-3.5164427518466983,8.099500685046504,6.907744894428584,3.4492847658732577,5.702649366294233,4.196430275338388,5.066184658397272,5.067354669101907,4.406210639620413,3.7261478679629914,3.821350737220489,1325.1424253556272,383.45422334156444,0.0786564341990129,0.032842400108892486,0.5045641652570096,0.32436230776679637,2909.9733793149785,1859.8511251338443,57.3319890597233,0
-13.980308044061697,6.131328590898711,-0.16771556749358574,3.016936949586041,5.542551032454066,3.3700154246306893,1.8144131462324544,5.5298429895425745,0.6485093044591013,-0.548889187554211,1.2936706992865514,2.749501753612323,-3.525254470289883,1.4264573230117579,2.6925292055074417,-0.04910406324215233,3.355647209874251,2.158522211583231,5.879773585751377,-1.376507243953038,6.996851820595307,4.029211310643114,3.061560258467929,2.4323629886185527,5.445988826876311,4.971097496732923,4.13942444545161,2.5592947992604644,3.8382027153002554,4.654911609210548,1837.9508100379294,448.67713998018996,0.08504120685410556,0.03623867619025864,0.5899379362021724,0.1990875177835886,2850.380891357436,1676.9104815016217,13.825443784917454,0
-13.024070259870722,5.8501282364222265,4.7598658263821605,4.920461651332152,1.1717290420416933,0.13607483039729096,-1.2843048878230665,-0.8135263249473876,8.483847174382925,4.111698951841967,-2.468595006429144,-2.4728115585255916,1.9738959235269982,2.0824477077306316,2.0388762549600776,-0.012389483884244656,0.2745996441103965,1.3752543659539491,0.7410483052070103,-5.0482509318688376,5.724240443309768,4.228312278887624,5.210253702690214,8.457310803124091,5.240977998569165,4.3737643765931224,5.820447516658417,5.2667254646510555,5.170780055208876,5.3782207118588055,2216.9630694488624,359.5289251739267,0.0894726415362291,0.030736188700184616,0.49444101170737986,0.2040656744256953,2991.3165931974577,1726.2275214405233,14.090646957862658,0
-14.719737632938708,9.361597933146705,2.630784215154369,3.562415290618863,0.05085929884822571,0.9469341505634304,1.6929451271823106,-2.5680498061784354,-2.432948724350819,2.4996482495891126,0.5438738552617101,-0.6489829992867214,-1.0732346818111198,-1.03193627502352,0.9480434541872382,1.7375896602904743,-4.6420327799454135,4.0876406974802855,3.8805676968286655,-5.326636908867249,7.303112035587357,6.516262621597251,5.000534593025054,3.318397653738148,6.018273709998087,4.460522720443178,5.372940326868462,7.350541526354133,4.96887076741501,3.5497383699377263,1499.2807015240835,386.844371180721,0.08866979434897045,0.031939324412501954,0.41217188621202855,0.18577848127962,3133.9564972404282,1844.1886983255124,32.929278517732854,0
-15.749191620016967,4.874488457395638,9.885316060908272,-0.2799175644354088,5.660443096881094,4.158813600331187,2.1301624397967696,5.646551210487834,2.041374792628268,1.9728979891698217,0.7762892765470457,3.892255539379902,3.5104038537579783,-0.8499075044548167,-2.631451319830252,0.1175484065108573,-1.411861116876469,0.39674411901716783,3.619911126184032,-0.6432541377169749,5.94861194242611,5.3196272817700745,6.018117058646341,2.1787327992184737,4.071959646281644,5.0035404307353675,6.154380461997948,4.097217062992554,2.414803419416418,5.393653735159364,1409.3912833523111,354.8266672727711,0.06751309220573552,0.03815474642344151,0.401620426836943,0.13972169714504654,3648.533098443566,2118.7187603196808,43.98211103760348,0
-15.522385388060036,10.275338955214057,4.004668299495355,6.282523165009972,5.49149222895316,2.7032866294286233,3.3063985480860554,2.810178537798689,-1.7495424673681592,1.1432258861325406,3.59470899395256,4.6487991267374875,-1.0323684103491053,2.036363968818264,1.043842199860503,0.33031483854601096,1.4782418671802127,1.100549082220899,1.8798347116551546,4.10429190237513,6.940953109037641,5.622709510647243,7.237550068187694,6.206915515056403,4.689121873675981,3.289455517176514,3.528888897181156,5.807378937978761,3.9102916915630894,3.4403334274656627,1372.5744019938402,395.009255032744,0.09701295335564503,0.03843257924217724,0.34021003197604754,0.25155224488811784,3311.1330662241207,1680.165784639787,26.053932044001332,0
-13.723019778681014,7.576451464060144,1.688746948702991,4.636313067666539,-0.7298347509882825,3.8922854187579388,1.8581697780552566,2.633128049961959,-1.827875402951018,-1.2376746056915118,2.402161454724371,-1.5375366772271684,1.927246499478577,-2.7035588018649,2.787102198333337,-2.4563082869212725,1.9689851383164552,2.119632889670558,-1.215613756600253,1.955066417711817,6.312530716000267,4.603389772568714,3.78973437910855,2.5198491699929053,5.219580056759632,2.872236674365534,4.828698753615284,4.371362140701301,5.481637997192501,4.287545400612164,1501.1656640958727,508.54965634306365,0.08670116058168235,0.04316155957182778,0.4875414071846821,0.1732213938396447,3578.394339993491,1953.1171985034007,52.19127990539761,0
-15.243342046656707,3.7405260397401583,6.370325975569296,1.0060784105825846,-2.53009725282405,3.2680006457442516,-1.5746869458481563,2.979702862137718,4.448369230719722,2.574374695996686,3.5876191638096375,5.883456100657451,3.186131925753136,1.5407191958493036,4.751537125475787,5.011938862116462,5.010164752266198,-0.6748032324344508,-2.858730106772326,-0.882980458587217,6.84436993895181,5.440990734398527,4.752222817787784,5.547577678565922,3.0350339019920796,4.91940315842985,6.056434888103166,5.346678773469875,5.4968384528671415,6.566847347943018,1580.1570145378998,397.7526670919731,0.10379030085330085,0.05171120631033927,0.49466333398046375,0.2419814499708776,3200.6898255039923,1480.8067619672283,42.998618710295254,0
-12.47134241147911,8.353689788827204,1.4771227519873733,1.2867354115803291,5.077186282886837,5.8792023634379404,2.8357735790073155,-0.9495358837551358,6.078763890359713,-0.3274272445299111,0.07124645616227965,1.689177919557387,4.654631821017705,2.849225655666274,1.7038304175714427,1.7832213252952656,0.6970219657263123,1.9509043418518213,-5.797584404762073,-0.24151864767449593,6.2895863219001376,3.8687830996565915,5.463587981373872,4.629634534816654,6.906570837978588,6.6376236702578275,4.155319031343919,4.506494746119966,4.5779295879365955,4.108008628608453,1658.507495208438,389.3374344889928,0.05738769330124947,0.046227112239002686,0.5003623667377449,0.20978421201700037,3647.6777153813,1642.1055677086672,59.84808449469815,0
-14.27836517298129,5.186940669804922,6.31457473091201,2.1997158919715756,1.5439475071189575,0.4550947566567558,2.2862389508862666,2.021125270828787,-0.5545993901636557,0.5557650572164996,-0.7399147622071734,-0.9288378012053927,-3.5555138100863486,0.1370100800818258,-3.588866498533362,-0.5320392158487777,-0.9435013205763741,3.185293198719566,-2.01102122630042,-1.402965962036189,5.5421710329701135,4.553827618196669,6.643105756906252,3.508719152340457,4.34471460121699,5.148478298997288,5.771705725936123,4.231210132883756,2.364947146062116,4.469874934097395,2005.6085428542144,472.57499259443415,0.08472835724719865,0.029369820084230034,0.35674627277690685,0.250902082431705,2486.8105388592962,1995.3405555906277,31.830887519920687,0
-15.201499373241901,2.9173598574981034,5.621809022233737,1.1261493135111627,1.7080852105118836,0.07777206315565821,5.775699808204757,0.4468930847052208,5.692503719809116,3.035379405295666,2.1142577274293743,1.7551662016271328,1.753724014771398,-4.104895734078311,-0.030541818710224655,2.737894927960804,0.4659923354323832,-2.9574190614533817,0.39530466303001055,4.760263790638728,7.496270058641663,5.175595188760762,6.141739132469704,4.4351915755583375,2.755354095807937,3.640640814244535,6.589752236495552,4.358708301804835,4.374605891416645,4.290194164470144,2171.240976871902,580.076713228965,0.12437560466896268,0.038409547895999485,0.4736499590997676,0.17416787252896043,3938.467213059137,1508.0551121830163,12.76729488552322,0
-18.228814004420503,5.727132000441768,1.0617075939797385,0.7123795425834367,3.1049650159875766,0.5907029756741262,2.379525049112207,0.7728967033916232,1.2798453142292987,2.1127161783835042,0.03404477261305683,-1.6567911316711017,-0.561549895593706,3.7021336638693043,0.9570993768580409,-1.4872461335261842,1.5921368150869437,1.7263445179034014,1.8263134789682103,-1.9445930009282142,5.181130806856926,4.437804940335586,4.5672225055205695,5.521703022172481,5.155421765677216,5.2002603485885945,6.339108685131542,5.5141691189899555,4.496504716671362,3.229337788737001,1385.635897458739,429.06359458574184,0.09658259654672227,0.03972668065893907,0.39750432360892457,0.2133553557136387,3165.210895539387,2022.496890554275,30.646467711690033,0
-16.517162944642937,6.14421646513388,-3.535428773479753,1.2506745596209234,0.6843803587064472,5.137511112187786,0.4660168992892695,2.207472461852321,1.4642539613297694,-4.326416199518001,2.829608950670252,1.3718245969740532,2.039902368417243,10.52987998037653,-4.543615682079804,4.936741624402771,-0.13038350438324187,1.2738778165630789,0.4125351762205788,-0.5605908334951089,5.316200486113489,5.645410482687611,3.179391563993985,5.7756950010261185,4.300566714137695,3.393916793151571,4.1742702846907385,6.196079060235087,4.0242645622471995,5.080144341851545,1380.713117285358,510.6337479938896,0.09371015477580408,0.05848608833296412,0.43595488436006274,0.28343274023789533,3249.033769769472,2123.9679454657535,47.63842285092221,0
-16.756820039781598,1.9882667929297182,4.5968440169108264,2.989613117526714,3.7375517377205587,-1.988895182557939,-1.5020797036573212,4.117197998129749,1.9394652280594626,2.3335021280939046,-1.497626671178974,-1.619134662488963,3.2473774147109906,3.310229851198587,-2.054132050905968,-2.573426239632113,0.31675286733653657,-1.44281557788446,-1.5241264081413797,-2.6284456160684817,5.43787938206356,3.8643663088405606,3.685518916388916,5.2330702158795654,4.733762118855148,5.331854417838558,2.735445591866547,4.6993567317957154,7.1574317172656725,4.203273018857281,1847.4247019716893,515.2805479019539,0.09730397216002551,0.04166661687057323,0.49528687861953713,0.2849506810006503,3517.723014157179,1520.645456621651,27.61586188854002,0
-12.669521089349038,4.408611781952635,6.172383701290694,-0.2657337810290854,-0.06128540381918368,0.14519235856741575,0.10612715841139053,-1.391394106900632,4.168818778849424,0.3528639990754209,1.790353329983108,-0.5925450827008679,-3.7822774821405236,1.3894291102642695,-4.113970771882776,0.45341488478632846,-2.832552302964379,5.523745553632575,2.8047225949104884,0.764384478178701,7.516448013185602,4.2344208270411166,5.652175254404112,5.114772520462457,5.116824097600404,6.276824200128122,5.5932762376214775,5.033968395390028,2.6808017431927116,3.4979444456646442,1563.1873199212828,457.4697899421321,0.05739592550652152,0.0641167667557842,0.5713115244202859,0.2801059160196242,3236.0184306418723,1746.9477575247122,34.27605317733,0
-19.360826798195646,6.455611193909402,3.168396781106308,3.626638888336637,0.9232132488492719,1.3015169540487492,1.7523225560916762,0.4959152911618485,-2.6902421823136358,0.4152124233888671,-2.631993161399576,2.466316109784107,-3.894631983464537,3.285921662925439,1.7405741671753652,1.7084715393347367,-4.822539375501952,-0.2659430396733351,3.4102243611233343,-0.7965199475757365,4.706325420043543,4.4859958859931455,4.918066852832794,3.853355459624627,6.280580678507152,4.6723989640115295,4.0476024967482,3.125887767797305,5.2480025930013925,5.203999553653636,1362.3373281445924,271.0936777348684,0.08821524379151768,0.03813196608738998,0.4768856934340535,0.3478587266819819,3186.5840781454704,1671.5403457893071,27.426145775150275,0
-13.86622821861383,2.544264914363301,3.480793887307327,3.617181252006745,1.1436269978555875,2.092826094158094,-0.9782599846401021,0.7334718007598834,2.6366515350841677,1.3924324024210857,-0.5572372648189298,1.3938743440603159,2.555755245822314,-4.410567482157981,3.564351829056411,-0.2156368467026799,1.651960127218223,3.5486728646686254,-2.9028684536024807,-1.2736025060688665,5.653741564949154,4.309495774650686,7.08192389100417,3.8468734874078487,4.13334386461576,4.995266837923572,3.271706282994408,4.212683145892483,5.047610580166877,4.250567514740987,1571.9839423300155,407.6534310041303,0.049710593816384666,0.043215932113392384,0.5903946457317794,0.2509200815391719,3312.632058623775,1973.180688779215,39.64013599390892,0
-11.33886421933175,3.5960301615668016,8.307971016677227,3.3773562622392674,6.065951014171582,0.4101176320872675,0.6820795845473624,1.9350683816802137,1.4908051351459606,4.137029858672924,0.3287676127197732,3.7448708091092247,2.5998170370624027,0.18080516776784294,2.30335821037245,-0.5581626170826219,6.46374979413195,-6.105275247130562,2.2086738007112823,-3.911489773192618,5.729211956138317,5.147270292634505,6.80916027069642,4.044417345507732,6.369614298794133,3.335420031730244,6.330289382791554,4.118285469715833,4.754788089756009,4.246345604267516,1984.7090422346812,537.0191874586998,0.0888700344116905,0.028481316154132262,0.3927982505575806,0.19857117372469374,2075.9285566039184,2115.329525462512,13.812408053707847,0
-15.752149367852066,1.9763076614529869,4.3057801567137926,3.12868402235128,1.5143271700537018,-0.22281208372924066,4.050339244612838,5.388517782720738,-0.09779259850523148,-0.5304172928870519,2.1371100726209,-0.06174011603413221,0.4207377675726839,2.563418593597393,-4.106723552101565,3.9207558121316732,0.7699366049410005,-0.4731773058498949,0.30323040392006184,0.40607338755129685,3.9225584358660894,7.043925872943883,5.049590758724742,5.40660255653685,5.941859724688851,3.52460505092764,5.282451993127989,4.366330690921448,5.682791596926459,2.097327095578206,1570.2717099276192,401.77434753728306,0.08864525901268311,0.04470044187368202,0.3933899284142379,0.21439130679119783,3144.6673157213354,1575.839443171198,23.559985343032594,0
-13.306601195783944,3.0624145264406897,3.3059887407928445,0.8562876550841401,-2.830417906315124,-0.022036275933152938,3.1114014802957097,-4.67563120016453,1.7415294873000504,-1.965173078498533,2.4301960827763893,2.6191306730174664,0.33936093195257916,0.2901153173326591,-1.349240076174087,-2.738958500262415,4.83346755995198,-1.607123012372264,4.445806117464865,-1.6487500995004423,6.630228468405274,3.8846314084156384,5.628074020282418,4.484295171416254,4.4249806071891955,5.482027803741341,4.151316076190796,2.9737218054658827,5.58023334275801,3.2749192920212065,1754.955185319373,527.8397236266401,0.07249012227295565,0.051823528440917845,0.4885426966289027,0.21520692899276123,3900.7145011330376,1514.5820445651525,19.885416808997114,0
-12.767615324728077,9.574050504290218,2.3091168517595904,4.280805398950405,7.704129591347106,0.12256247433242518,-2.4090291902594707,-3.4500250847694094,2.8928911832644397,-3.7078755201464597,-0.021706723253897997,1.926616300930735,1.2321696113055545,1.7778978747461451,1.2223913061688019,3.822164533283483,-1.7925556577293453,-1.1369322905907728,-1.4053328237033758,2.5754795296565254,7.080478306074077,5.79147038318221,6.420192400267913,3.4613509591483433,6.800668933861364,6.57788634605471,5.59703211098061,6.825658690525271,2.6787188174533387,4.020662236484818,1379.4089617954144,507.71834590058745,0.05899718520795709,0.04757495149337486,0.5596428915197371,0.2847601450042,3341.8755118307504,1553.0316647748127,51.719552342415454,0
-15.715421591719927,-0.28716573754247676,2.810780584204934,3.8337126920613196,1.2080872351608822,1.6102218139306212,0.9645277587766267,0.44573445544641577,1.300804586010643,0.31826354461884865,4.5173147931707645,-4.682713787625999,-0.5953756956969246,-1.461354844507349,1.2144431667526918,0.8178619647078159,4.643718047991219,5.433410676300042,-1.4063928494525189,0.5012501625840738,6.235565300309227,4.292623501995196,5.754058443245148,4.587591157482066,3.518838179278826,4.414518034880148,3.5170762269969362,5.931476195303107,6.948537772803071,4.943783248673448,1633.3830304159826,462.1947813499349,0.1036446805787663,0.051606990035971835,0.44074771451614153,0.26262949636895455,3526.3232035885394,1515.5781358623165,39.854137987104096,0
-15.595276090780136,5.115006868133185,1.0717973958489182,5.431892113168612,3.6635420592294468,6.5197102578260395,-0.7672362643779185,0.30498025245445703,1.6897259174250419,2.6162238443144266,0.3699218152218282,-1.3490693928009176,2.972749591539697,2.5171241206496684,-1.6240185847426458,4.01360700276374,3.5137320671091565,0.8912967986750377,0.7253104454137751,1.885144427789768,4.96595631569249,5.286037774996899,2.4171397464689837,5.926746774603522,2.9262081330697685,6.554103794114798,4.318141601525974,4.4334996216825875,3.9133859793652603,4.304353351293509,2025.559403544411,250.97530747719364,0.10553930772176376,0.043380234811017084,0.35343826817142276,0.1962343803475381,4038.1965136041017,1563.6232800143173,42.52054290903043,0
-16.980745980510264,4.002252865447686,1.0410144700085096,3.3165605439128347,6.330123228420205,3.423871163154472,4.01788303502901,3.2993208292275296,1.1108132397133774,3.708351094778289,2.771667316372908,4.431947621216174,-0.37964158367362144,-3.630993384577752,3.2797942038493604,1.4994238015151455,-0.1518799566854434,-0.04482647521317251,6.913031604228974,-1.1054866313356777,4.9760360318084,5.352341080192022,6.416589053567553,7.609082383835073,5.5888379560674855,3.225509507224684,7.079322839147073,4.664137561107483,3.6614153483927034,3.3547290514807755,1850.898615800637,469.10635089491313,0.08690150753891701,0.05286503119071931,0.3858276326792285,0.3183077314136824,2940.4213386031547,2341.001843478089,15.44648750516585,0
-13.743038932762015,9.49090205731741,5.0985306178711625,1.8932968079699166,-0.5659230191647304,4.741668098464542,-0.9831921358053586,5.321171386930804,0.4001494870948379,4.976455181544626,2.606419134239105,0.4908446097271877,-0.5292601603345474,-0.13798397907948523,1.7374583976047604,0.8178912405442919,-0.8962932260541158,0.14147702976147503,0.7227583637715587,-4.82183523603703,6.549801737746439,4.074334530339832,3.616001116153106,2.8501867834671475,2.6473290025585317,3.123462996265253,3.863460565129126,7.031410965031881,4.0356110555924225,4.863300127521638,1720.1444159518985,460.4852148972679,0.07845113078548013,0.028047062364007554,0.566074203862337,0.34035983218189425,2358.670652938657,1543.992852278405,11.975321240273034,0
-17.79437413481544,4.103240567377703,1.2323544928197312,4.191104541236928,2.2019790743049485,-0.03597123487003029,3.918251370218748,1.887491876686497,-3.504009514999028,3.2992582852107546,1.3712606187224958,4.310164552312189,1.0790243350873812,-1.2649876621332732,0.15592833341207424,2.634798327201801,-1.338607355134509,-0.5451864122133407,-0.0279056605239838,-2.373429025539682,5.09241189044571,5.457060230165029,6.44297329718361,5.2555763816525705,4.744966488757174,3.7524750712572272,6.028478208349993,5.207706599936211,3.8185909504435793,5.7283781504218805,1767.87311845314,384.9175720507011,0.077972434874716,0.03507227271757063,0.6606830352025284,0.27658724415628294,3293.38102742412,1918.1657640191784,31.470287317058034,0
-16.68733504697638,3.992310027337423,8.31221658884517,0.4198467378753583,0.6247117926586527,1.2991031080895419,3.530407633895302,1.7695062683832834,-2.1204522567695454,-0.3304214078179739,-0.6092951739396194,0.6402807202757195,1.833839915805342,1.7598001040056444,-3.773362718454339,3.28485246890214,1.2196574091092058,4.016885674540321,1.636811607700364,3.2533073943394055,6.559854373740152,6.865470907443298,5.626700763221335,4.757501704268515,7.526921664536258,5.8168445467358705,5.40277901949101,3.1559347001539972,3.1206975257104217,5.001258578570225,1643.6563593304722,400.8701947993347,0.0828196539922412,0.055886269280435955,0.5056321979640239,0.19294957451236308,3144.245586428528,1598.7583797868597,13.985171711913111,0
-16.29295770951517,3.629584110076884,1.9877428683554477,2.1603632090293887,2.715486897620055,-4.57956730301196,-4.51251071227323,0.4032716501953121,0.6166884993470753,1.4727780415098515,-0.9100899780496513,0.8569963183900375,1.0855387817759068,-1.1221095278779645,3.2003062210194186,1.0674657786376516,1.9556380327758727,0.7276698837651876,5.785498547127984,1.990992672794134,5.414408020551329,6.235160261242081,3.034874099051994,5.018520315200525,5.182992348110388,4.907224914494438,4.31375106927905,3.4727719717955816,3.719450252205512,4.772489899496861,1265.9442302716022,591.6134092517818,0.027182046413125882,0.036765621324553965,0.45883117112861577,0.27537104639166443,2742.0376363687865,2083.573698472053,26.623092122170835,0
-15.817543294024428,4.466358051623905,4.573831301741624,1.1617082185808525,3.2787489384046538,6.50455176681724,3.4673239846820847,1.1297787316730685,0.6532349334778744,0.10831716455032192,3.8606931902212707,-0.7349502815449239,0.8822875417307257,0.8422804689884277,-0.5877938153621632,-2.806163869710252,1.3956715531618173,0.4030456259170967,1.776916963065109,-0.8340007660979172,7.464985558575657,4.197871462545786,7.054448340821471,2.777836188206086,5.321724077468269,5.3205168190319485,3.7596172327566557,5.196772725433215,6.202089070378857,1.989817392775123,1750.8234422472444,250.53833437359378,0.06068670392953584,0.05629166364900945,0.4034574373286357,0.19130600177955137,3101.031135507659,2316.976584540888,28.011424335808343,0
-12.143250209412042,0.668639939114116,0.3826243237761542,3.1588668514454215,8.424767588688336,-1.728862504648822,-2.063763800098469,2.096745922097963,4.122797211095373,-0.5602467808142757,-3.144394481214513,1.9177063855491983,2.306334262488202,5.160923530631336,2.3090344474773636,2.6951651909309486,-0.06712756555211719,6.659316410979225,-0.46903923699749095,-1.0298053035294255,8.171417902222327,3.480915265325508,2.783109938566502,5.018468309518182,4.797916172069165,4.476534422139205,5.907001422831696,3.5976525812537155,4.7436672174162755,4.217872856834176,1332.6344499679747,445.0527932831453,0.09705191606590205,0.061205681204305015,0.49635351863191757,0.1244582499299274,3180.9299572791756,1812.450697725708,6.241048143794098,0
-14.427313279485743,7.685795031788904,3.89418247527854,4.760043886903286,1.2562944978153747,4.946626013101533,2.2305357434031383,1.735129859014685,-2.0640416106689687,1.7173896357542717,-1.170796384645219,-0.762373482987902,-1.2692083015595337,-1.9513016154623481,5.978595174209071,3.953347654971008,5.3891540494783,-2.501681993333354,0.7044501642509154,-2.7337690630102394,5.165166147363523,4.14824761990011,6.487500807729874,4.399524386277888,6.082055200432819,5.474945067506222,7.4786522168114615,2.9121669322323314,6.177746554410826,6.025729044480873,1307.9863485918895,530.5706669178528,0.08672289926052458,0.037725237400465926,0.38408516104224005,0.2140445274275407,4224.906047892963,1800.1707047393706,18.14865112412663,0
-13.020508967991324,6.964530023242022,1.3164673828096114,-1.7317040387773428,3.3992511810285553,2.1355136277015716,3.9395130154792595,-0.501342070023846,3.011407051752014,3.6360302805485287,0.6708166064675325,1.8756570914953747,1.7241469130410065,-1.3393881082884107,1.9944081723781855,4.681245852252534,0.6437451304742385,-3.096756791073588,-1.1917505378113407,-3.948573622129069,7.548313354855278,6.166926355593714,4.398356873998618,3.1733280936372763,3.800046050109011,3.9840676411634233,4.845574833109785,4.778411211838056,6.27638503711511,3.8186941707623494,1147.5436436938214,357.4417219886166,0.07953950291106998,0.032713219330542095,0.42663931635895797,0.2272983209840278,3695.1192268525915,1653.2585782269196,53.15187577177431,0
-13.042815662628568,3.9221860760622524,4.353465450425222,3.876993930684158,3.1119345195789867,-0.3974675403386885,1.8019801342494008,2.1603507401366535,1.129057278380966,-4.2161941459277115,1.3103149690246092,6.364660931826438,-0.1308674026616875,-1.1059070303525886,1.600038065945162,1.4059455261664293,3.5700732076586834,-2.589114834216664,2.354766420911165,1.9760551531286588,5.829424155671345,5.656424781506028,6.2353489779180284,5.92177845603414,3.4283768255115254,5.734189824106581,4.636659388246692,4.774948917618619,4.7545030558687005,4.469708413442088,1957.5122491321195,443.30256321206303,0.057609077432336626,0.036064701440302716,0.46429557734483806,0.3114607392148525,3501.547342474417,1587.366180313239,33.111250116922534,0
-17.150481738556245,10.736921478869462,4.280359657074817,3.4445730530553944,0.5173196639194249,2.4534324355528385,2.6111987491544606,3.5933182295521924,-1.3346944078687462,4.516952139470097,1.812629718520858,2.3539055716016137,0.21687511546886795,-1.6060708814119118,0.8484782351748851,1.093238874558046,-2.8753353761685796,2.538769068468368,3.017627374215136,-1.324161559552817,4.77289757967349,4.886446347750839,5.028674116383559,4.557994788101599,4.72689860067506,5.0157732372111,3.0723629878149596,3.183545247236082,1.3999333775588934,5.781054274144166,1604.5681061852347,533.8280905172126,0.05724524008377216,0.04024407339533162,0.4671861204893281,0.22191087525849926,2423.2861007666033,2236.467834033789,28.220572863437294,0
-16.555087013885952,6.456843957934661,4.5755173096023265,5.174428637459625,-0.9992438209132706,-4.123692990755525,3.573606916826792,-0.8204906824130864,-3.9351085498604834,1.362659364898454,2.8920301296376025,0.5281905030301401,-0.3753901962254539,0.31588013392094794,-0.25979023933529055,-2.7451177798504176,-1.1984663983584323,1.8587553180900918,1.3305121429149342,0.9201495149170507,4.805821821775945,5.0321962054372,2.3875219442685744,5.089171996662468,6.514629249376281,2.9810414415494733,4.011172506304408,5.082428134452155,6.1700778279796475,4.112130460439821,1392.3249012202311,292.48614860671336,0.08206876258616214,0.06042076040143744,0.4721886769571741,0.24888605104081432,3361.041155383493,1797.2269990128495,46.50131486631551,0
-14.379315167721385,0.9360015833513708,4.054361205123487,1.093269938899418,-1.5528828503640533,0.37382396554476083,0.11509925447906388,3.8247063478258276,-1.548362929143968,-0.9746185976231365,1.4975615604609402,-2.4811510950522853,-0.8782861263500649,-3.4469061240473406,2.966695316680157,-0.12840780110046435,0.5484406816120413,2.845581355033281,-1.279356419661033,-0.27996752162001026,4.73240640083311,3.9797955348050253,3.895300527192945,4.284011530999601,4.338245358992322,5.096358581078055,3.644825376635435,5.071059211100971,5.248668216494541,4.088613380601281,1358.5826282744856,456.8063225583992,0.0759416507397911,0.042203518292735456,0.5755893149007973,0.2534318524213858,2880.384719359934,1577.2775970144853,20.89326887065822,0
-18.471356384578026,0.9993222387407252,0.2901266027821352,2.898656267010323,-0.23196878872971016,2.9507028272444074,1.5153558004528334,-3.6712605335951345,2.7485500716653357,3.0269966139792746,-1.575565777996224,1.8838121905708123,-1.3720148242922283,0.9584616561565528,-2.4945793507207474,-3.857766131336442,-0.3688076799147746,0.2462331898684652,-0.46788344456282593,-2.4600763955563987,5.5201211254426354,5.573153703096881,4.946128363852956,5.094001236719056,3.9958617594549204,6.156061497659391,3.3028777104199776,5.272572356504062,6.0849359782186205,5.2270897112986745,1539.242731880551,407.73623626696167,0.10072175302092512,0.025770250747383268,0.37239005916962853,0.2301221117254139,3818.826878755999,1894.941909010224,26.016792195298525,0
-15.695298075778096,4.157029655522067,1.3800915662756872,-0.06248078454690731,4.958309526107891,5.851420638521818,-1.0344145783969407,4.762355823045299,-0.10736242961415199,2.3341199884222177,4.4346254211269285,0.47064184407425297,-0.05062403143762839,2.716988123756179,-2.108215425923956,3.4926534446010757,0.9452587752241052,-0.8888207148298866,-0.9841032188159521,-2.958656279570915,5.356593400051213,4.933154685606719,3.726447761946222,4.8204420286451946,5.3675005014305945,4.493833436800697,5.509556706108834,3.7189320204247966,5.870725983730595,4.79617764692983,2063.577150926423,643.1373849790987,0.07059512815393437,0.03570936123098542,0.4303006302441026,0.27978511250877575,3862.984985237545,1636.797878957549,23.635291533254403,0
-12.624960428325886,5.607511805135999,-0.49841806639149366,2.009298371530158,2.7542500222543387,2.1055072406131616,-3.1809125301304357,-0.9757946200496797,0.9509167007393196,2.3407272737929747,-4.581228643658957,0.42802339463368727,1.12685269392815,2.838315685576247,2.3988106272602585,2.081428297022013,-1.4116159726371884,-4.214449787252714,-0.4563161031798183,3.0040795630214,7.672145433029318,6.1026589227573425,5.515208987362081,5.3305675780631585,4.132657503887064,4.593927647735656,6.717169145277312,3.5564303930497485,6.604401215518489,4.26356621460953,1997.6296327285236,337.45479924019696,0.09171808402329298,0.032632298640523784,0.336778624646065,0.2609267021205473,3704.7358942979845,1588.764640351626,31.543067961383638,0
-17.21039619985942,-1.4710415805104997,3.48275292676654,4.873807294902522,-0.5345148315996573,3.786497100049827,-1.1612060339597126,0.8836036607708027,2.9928168993262543,-1.9686635043460963,1.362874237859795,3.8707671115639264,1.9540660172591466,-1.0872794296912054,4.463462548458652,2.270981279806225,-4.06288470569312,2.716164592391122,-0.9021198415695081,0.9914088691061611,7.209604805151912,4.590474498402199,3.0252888631498234,6.681654230286994,6.197500165442337,4.645292784180465,5.738391456076252,4.244235921523579,4.7830308787796865,4.476854468835913,1501.3167743928093,478.74420640686037,0.05583642352708824,0.03748419169234421,0.4751583577986724,0.3419050353980818,2616.232892343652,1930.1382644331068,16.646022412883074,0
-15.232360516533971,4.401245194945625,6.125417772158219,2.966040424360116,0.17092065272867973,6.392768379556124,1.5518422573719852,3.1720991899222417,-0.409455157500787,1.9077890693613084,1.686865886948897,-3.8907898969070485,5.80741854538237,3.940896866592082,-0.3263216236983024,-2.1306743511396387,1.457139328626527,0.772299804091547,1.4154881608817576,0.9789434904852241,6.607489187167111,6.986766839270167,5.681723846154375,3.6154134013080705,6.4350754232549425,6.718737476185945,8.496753795700215,3.339307160112482,4.958125082446997,2.151481556173216,1765.9447469137626,406.1439761466582,0.11846891589649908,0.03225385029981418,0.3148653569626191,0.226436812964874,2212.2561143914313,1987.7748636268275,56.30772295696482,0
-14.988497282257153,7.049720384954492,6.2914012676154485,0.35296818019827736,1.9256458646115404,0.3013891598202427,2.9207268812570852,0.6692387656595763,1.1842398103657996,0.32430809747458844,0.6437921201675795,5.094960848153671,6.746146181150079,1.6570159486419045,0.41674221712440856,-3.3640919022242075,-1.3128102054107869,0.23871546609078997,-1.2613422621198818,-1.0247519071798061,7.890467368867398,5.284548976486178,5.141854389682324,4.065971327594128,6.213053669723503,4.494905646413718,4.089249316104687,2.7905990192286705,4.593344370165028,3.9875303978671184,2105.37392380507,597.511895360156,0.05529439010467451,0.028778467621190025,0.4278944291898842,0.20919810523028642,3308.7082878433566,1718.344127728608,58.145086376150225,0
-11.003654719759147,7.005321146545299,5.488892113050776,-1.0405676394816137,-0.8778843413821731,-5.4310299820469,-0.5948806241354563,3.641757965964146,2.4034774004820383,0.4462168426196903,0.8533401997957765,-0.8888805231051805,1.2811279752352296,2.6289814129872515,-3.3730503018595157,1.3741192195933705,2.9193224715043153,-0.48219516685286834,2.2780673197751433,7.536636111181382,5.87478864841573,5.721968460006388,4.1143314996063305,5.0925013951224605,5.3523259499787645,4.983810808324166,3.490651330635086,4.935134125590541,6.421301793127832,5.188362917417433,1888.5961567215522,431.0390423989898,0.09499800478847421,0.04279267838216526,0.37392714162502144,0.2659260502399437,2704.1516682798447,1641.779931278802,54.985457374427426,0
-13.090755710379883,7.818435026113891,1.047630056341729,1.06013797144068,1.5919339294227337,5.716228179123289,2.8364100664920775,-2.060217074664717,0.878654132137358,0.38530311062391465,-2.0240829809189163,0.5713535410965143,0.04413717021483843,-0.189795594757183,-0.3517867517878609,4.303483870872009,-0.3210224961336413,0.679733196306217,0.3794040087818612,-0.76254212591834,6.095405678841237,5.328420715317316,5.095707832279059,3.8439202294842945,4.55265059129683,5.6623862504198295,4.498505756629666,4.88163829512151,4.867111067538293,5.1508741568807,1767.5952745041432,436.06795122006235,0.06177329393815807,0.027812846713251245,0.5314149130189088,0.2885125223985533,3524.682342168763,2002.8008819656684,8.508700593947882,0
-18.75055465361734,3.0529073929489132,6.711015564366182,4.715477971461989,1.8434010566819128,2.2744753129488995,0.6929651644802844,4.641458464569955,0.6102296666257014,1.57960523033712,3.774166269446072,-1.1100953787814332,4.666203730473004,-3.1118678100727277,4.7407719944486635,-0.3066889598799365,-0.01851157544555726,-4.169469872401802,-0.610671003970548,-2.0995163275672106,5.270824385551833,5.085226841053345,6.149349937367487,5.124124021680751,5.169211984081336,3.4353767333853256,3.657380806762438,6.845970022021574,3.784425424950771,6.637449902468755,1527.08164033574,450.1830348914803,0.10140730320459859,0.052718924219386565,0.441134995177673,0.23058784732392307,3172.0397757388932,1884.4893820580296,32.6069972822513,0
-14.359445409795054,6.208599729825097,6.678396839905461,3.4218451481923267,1.6731573332169045,4.429021472244096,-4.464764132927268,-0.03737132656785924,-0.8034138390356673,0.9136955004217224,-4.587641121482003,4.1324224889426295,0.1447060200201543,1.511277442183049,1.2243947293164021,3.7812247371923755,-4.066640043067471,0.8363584692300865,3.391761441235835,0.25503388319827164,4.858476728234038,4.525331861213057,4.528469597832315,4.009739964572413,4.616626659519168,6.559896883822002,3.9974479956407354,4.102291230865201,5.218403367527043,4.440215563243349,1201.2444599965352,445.10492497767825,0.07802217135206149,0.04975678345438153,0.3722278081437871,0.2991159741377722,3151.084593950028,1523.0145822712511,38.32432483487157,0
-16.041563264038658,4.84219246722188,4.3228304551077015,3.1588770298869626,5.210239484870293,-4.399313509671353,-4.538753246917753,0.010304569974626698,3.854361579970383,-2.9141200790139905,-6.609989940143484,2.2612818488813553,1.3783738284875553,-2.01123530271286,-1.7971823351356582,-1.799359299086686,0.8645735878024974,-1.010232634901962,1.7614755869124834,-6.636566657260977,4.97177776184664,3.89873524690674,4.692391185953009,4.229342689811833,5.75741253587492,2.5187958740079313,4.768875485882617,5.357503707854047,6.894643590541012,4.07188083468783,1697.337581305755,305.6909765950108,0.03216087591373953,0.048447743757817,0.44955517650815435,0.30892563448992116,2513.2985555151254,1929.9755348821882,34.90828887154608,0
-14.624278421058065,9.829850936897722,6.549897858592154,0.9750384462036417,1.0092090835789596,-1.1605840645689913,-0.6993364220528362,-3.525529821966175,0.8990619244617544,4.775276699826026,1.7976707193252826,4.248930808247664,3.452354271545765,-0.652734509645856,-1.2320999868494549,-1.177961392128639,-3.704419576987475,0.6363811375444921,-6.7348452019690335,1.978538773215965,6.08625712286265,5.815727839793808,6.268419539537763,5.113553506006625,6.7578860851857065,5.496334973142652,3.8057334981064543,4.402246749424945,1.953117434566503,3.5673714714334013,1485.7010782199827,493.7018887646133,0.06499277942916379,0.027537359860655697,0.29899744775934994,0.22017912407033408,4175.425901183965,1867.7767587242581,20.041098345623887,0
-15.330341472253869,3.6906717430714453,-0.06310170481035238,-0.19934080318962089,-3.0544965999048683,1.4134648699128345,-0.06752252288118865,-1.166469727463288,0.9408025481912284,1.9099265771318454,6.142085739615771,-2.9463752155747005,3.6676833774820743,3.1470396168233945,-1.2810651817750847,1.1330898864650776,-0.555847829226391,1.019777006602403,4.299143322985061,2.0140155815782825,6.61033004788013,4.733628816054429,3.219132002090798,4.624838147351511,6.247929785836698,2.9173985720924227,3.44817847247368,4.839021283480882,3.485080924849952,3.698971863461745,1472.9204254815468,340.75060766478805,0.06051756307567263,0.04703427916787309,0.3454104174215229,0.17010639327525812,2884.987510233053,1982.9888756274613,8.742052275041832,0
-17.8429469395064,2.7679260067048013,7.165666759672227,2.5817693906719197,2.254213488618244,1.9308012292318202,4.915134899099369,-1.3630359058017758,0.12012231066997492,0.5775869833437226,-3.393848654133401,-1.457020458120025,3.3859178374331127,2.614819455111008,3.0093338544217447,-0.8477255563285029,-0.5760028061794441,-3.914608182039527,2.856152145264458,3.24163067191524,7.30070515984273,7.174909504172687,5.506530312187887,6.743258203856031,4.559430469010546,2.6295875619933398,5.747155326973855,2.5228330487895656,4.870909126058705,5.796388562549107,1697.277638810559,632.259445646582,0.04068142011706044,0.039171393274640844,0.4513964372202125,0.18279485919087932,2623.1336046378574,1588.71784729335,30.519197959220943,0
-13.98946783680667,6.789681861727399,3.900919530495556,1.6898295619775745,3.478605379379637,3.367217567858394,2.1970803528706497,-0.8115306260869022,1.8026130248890628,3.9887016270636972,-0.5824817374384165,6.078181681164411,-0.5448465657326919,0.7953032476360549,-1.014547323349174,1.1831770898006522,-3.767318937470541,-0.8095489414862473,-2.2039872113977337,0.8383458697307273,7.193336850610689,6.025207424537462,2.1540087669693295,7.325483583513456,5.154335928745041,3.8182010314083996,4.902839217074844,4.898927787003231,3.8664482063247907,4.8875000008104905,1417.758313713908,417.6510405847982,0.06627441728489832,0.025673287102603474,0.4616669176172307,0.2792649718258169,3457.441798038186,2004.9813131588085,11.187672178964746,0
-17.256749160556332,7.367321170892641,-0.15954743303704566,5.555163185490462,2.802191277961443,1.2552642426099816,3.3369068059061195,2.5283166104058874,4.437065325256263,4.302654345883668,1.789817019506625,-1.3460933867706095,-0.5845417318848337,0.5351684997565934,3.3709709026544012,-0.5159661533436886,-0.3441160069576943,5.176432128724122,0.2655695110293675,-1.0868297256665131,6.9319752340729766,5.182638860448498,3.332481003879722,6.1240968993688485,3.9035528151608703,4.802302718067491,4.632518777740887,4.963621408163836,2.0373777795890695,4.247880625440919,1937.4511180347106,551.2356415913323,0.06017419236719358,0.049205982427118156,0.3890856196459533,0.23127338703063582,3039.007816770374,1827.200927426352,37.872528453790245,0
-19.452896036164084,-0.5761700478111473,3.9000439545698264,1.0961056341734365,0.6172754577146693,3.4063262644011303,4.36217712015254,0.568638196595477,0.25961434383645743,2.2503575827847095,-2.483248015158029,1.391215970202576,2.148945698786154,2.4148612353297874,-4.1752150895894955,-1.2783881745223515,-1.6074228379410194,0.805272941578588,1.728177238893644,4.241776018614953,5.406041423558312,4.652913002028943,6.379606422654496,5.230892326236366,6.321181813425568,5.096473603611804,3.3257457718297894,3.087745974266632,2.804851967795952,5.444462201710168,1956.5790469261024,597.9489713109105,0.0968621066464648,0.05162838577534986,0.40359869338770527,0.19217920916280717,3625.0396662087765,1904.4201880598503,57.950292112362646,0
-17.86600076679446,6.164433296227058,8.001393844114121,5.608085826198659,3.767965462625237,4.114630255641,3.022870171526219,2.374750573523482,3.3576557101077285,-2.4209077301350552,1.407804157698192,0.630962817723725,0.9664878470921784,-0.43914482258125964,1.967886278602247,-1.4198200242190175,-0.7464020293624386,-1.0791442285746953,2.6861823826483566,0.47069124197701645,5.447001192243884,4.801884365980583,5.004656740016489,6.821609902643824,3.3161755963839936,5.560611997215743,5.2805205199229235,3.6279415218638693,6.426914614852291,5.297136541056812,1447.680009031073,301.24693392429924,0.08458293668998225,0.03955254415244017,0.36754296549871046,0.19781927949321815,3634.2549335597523,1311.0762731697512,18.87775093450599,0
-15.535169244319654,5.948513494012774,5.059515048637116,3.1640424829313334,3.644407940375934,1.4928359510609932,-1.5389120421929328,3.8945354520519904,-0.3616692208417063,-1.338990746906065,0.4642962195799136,-1.448693964907949,-0.2743451857428113,1.5744205181943807,1.537521014781984,-1.6195751660640734,-0.6310281382542146,3.2413880674811653,1.767316083808537,5.687662598371354,7.416153808489833,6.623151682271927,3.3345577394530377,5.791632421960107,4.736271837963707,4.088821835754101,4.915904122924749,5.821753841533781,5.267664575871721,3.5958314383895287,1822.737674077786,398.99299663392287,0.08433366237928573,0.036966499325228656,0.43249069986114996,0.2883121487520255,2679.903140092051,2286.2987685692333,29.077078024347067,0
-12.327139340160215,3.0664062703308503,3.663799507120549,2.2132071896885526,-0.21593785159994994,3.7953597605559137,1.1099140080279675,0.6556623074040381,1.6932893804617386,2.8019302120955425,-1.4883496997452101,3.0156292016665502,4.393864568664143,-2.8510202076172257,1.3624141144862456,-0.1373055308933182,2.3363117459179974,-2.4860924757615726,4.5986613535826235,-3.519737016072673,5.706862872268159,5.771155291194432,4.17639578367821,3.862918141851555,5.066682763956629,4.843311903989297,4.721411517583894,5.717926213758751,4.193299434553041,5.033511179754006,1448.0191575172555,382.0536411336474,0.07430482743019963,0.03501234812806368,0.4140956959069775,0.3082663708901081,3072.948272982223,1634.2733319300337,58.97608338327041,0
-17.94240528192492,9.551359769854539,1.9173468552965254,4.579041965451009,2.5236752091194314,-0.7946684595382536,1.4136846555396052,3.2100069482768703,0.6404577733953448,3.9827823646275697,3.462879391045569,3.130620469979157,-0.3799111614517231,-1.985320405168003,-0.8673023467403195,1.1156023516668012,1.952702077948536,-4.8733729563455634,0.5060327854443084,0.8952230633079611,5.666946892421338,6.799528606819054,5.506136089101045,6.447230289697076,4.540847375579721,5.87497299100831,6.676365387718738,6.261532139127193,3.3560967545521874,4.345588706949143,1496.450588365061,489.1403628061062,0.09372707110029066,0.031611073259742634,0.455427081113355,0.1490036333921932,3920.972502900945,1671.9064398308267,12.913188546437908,0
-17.928040433443172,10.684852596693002,2.734352521699061,2.521908712213418,6.136885897126355,0.19998473090364333,5.59702728591797,0.22132206465509818,2.790356570664259,-0.4317041003982469,-2.481000203770927,1.8698192096848727,2.3689892716896015,-2.575428641529882,-0.10097913060511343,3.6268974038422668,2.0885326711091725,-0.43248194890457137,-0.9674984646124548,5.370610812836941,4.26368151623657,5.178961710709677,3.242363751567267,6.452777573813138,4.791451665349996,4.963808901723322,8.036956485838845,3.975332789116328,6.764957763536907,4.181121702710175,1529.9462627245305,661.0540205296479,0.07677819245476654,0.026256285957047522,0.47255350305010496,0.2413631587416498,3383.5479208669303,1766.6005516680577,34.31804095520911,0
-13.241399667152765,10.387321693457855,2.5450916951180225,0.14744324833405242,2.615209038291022,-0.33903340118219183,5.1334733496627685,0.5419549026369186,-0.30282980857386477,-0.17828930287779476,2.7051344677700113,0.4389658752546202,-0.8349362810951865,4.877665508344542,-1.4737579349877086,0.7139151850824839,2.2190006731432232,-3.5227822204871275,1.7269670429884965,-2.1377691887011236,6.987339337000803,4.094818785697228,5.831322838218632,6.201999679553655,5.833723830759366,5.051579977885723,4.436724582770075,3.9957965083981875,6.431908295647192,3.8106057357988288,1288.880177929001,503.2295148026264,0.0640772639362701,0.030499365025338728,0.33451165902641883,0.2258545080269741,3158.6424880517534,1860.7729319151747,23.61787836840101,0
-15.735246184514084,5.677091289584887,4.417015412439264,1.2285943668107975,0.7900322092978027,1.97582040454482,-2.3114649643021385,3.6486013302077227,4.324574308646788,-0.5639515942200997,-0.08699948928103862,3.9416138954462574,0.4616017917560207,2.1848993291647885,0.4359031821647317,4.515768471200685,1.8134343647463864,1.9246949853535362,1.942082136307651,-0.8877843408192807,5.444113035692958,6.173094767471969,5.151695395320341,3.4618667906258724,7.047725309549737,5.92368624075652,4.759437302899737,4.359298821840042,4.905077695702766,5.271024118988913,990.0997792989857,618.9879767588603,0.06420231381666161,0.03998094367011243,0.4527893506223317,0.3498425109344426,3155.938079496653,2197.126823588407,13.215989992453764,0
-17.61530271265626,6.183518539281166,4.0607017441820465,4.894599077770669,0.022795520763586374,1.7516869072370338,-1.9839830599951596,3.003736954811786,2.4082890622114164,2.239512552568927,0.9131384874832619,1.8702655603053109,4.78007854000226,0.0015500716806794435,1.013279625941878,-2.0903157479535244,-1.5824171098781838,0.800088788288824,3.286149656228452,-0.1407020606289311,5.716900164825451,4.761737706594751,4.358291994986812,5.2289657468505855,3.0032908257856263,6.287127492000073,3.915778956530362,5.55378418252577,3.142668349794016,5.4526081566554625,1801.5833823443493,480.73616576047175,0.06011142956400416,0.04249548189598077,0.35535550522124887,0.23736183724519072,3714.706550477663,1999.1754817676856,10.818808615003942,0
-11.598309909730737,5.066383384498672,3.3904771079461424,4.343782234057128,2.125929741682492,3.255492166248912,4.124905293728796,0.4306571243300016,-7.076415473672528,-1.044817733963666,3.9307959361791664,0.7489213798391982,-0.0785949080889784,3.6312481972937336,0.41335437609192716,-4.60633301437289,-3.1750198584032114,1.60217560759782,0.3590884354868682,4.136641197073055,5.120077579434988,4.878599085595447,3.9385963123279764,4.250286986783457,2.529715318495651,4.287178403139362,4.6520430777618325,4.523902989041179,7.246130583146038,6.850181492612378,1374.7301587116744,286.48506442779234,0.07801599294136886,0.04376510138170621,0.3811612741293732,0.20945121830371385,3991.277484656266,1735.612107213674,16.329350130366024,0
-11.431736589276959,3.9514131183536234,5.224554219123579,-2.285150176468668,3.648628102784029,-0.343204370152036,2.1969354703413537,0.6306189544007269,4.412146135570696,-1.1860891208497955,2.478106652995487,0.13456467509199965,0.37346707420660985,0.25465098138769016,-1.4475160945686159,0.5897525852333211,0.4316147388130933,1.1586561765723788,0.7375786537058406,2.4949863740305904,7.108210339256843,3.989252013806639,6.042527000708925,3.4513962874681745,5.505427065765282,5.493686541643442,2.4207054442907094,4.799075095835292,4.104471330634288,3.7394816904775503,2005.2556992097016,397.70566874900646,0.063872461417639,0.04075694940005094,0.5048471797038734,0.24291757069949366,3783.185272834626,1932.7439154910226,30.65060269775017,0
-17.030904735718806,4.282575908719093,4.073303095440738,3.4824093815445676,2.118070230745402,-1.5293831392262038,7.273599939087253,0.6600752123847502,1.3867799075727532,2.541902732932451,-0.6821724975329145,0.9756493855102735,-0.9237448249024668,1.7531625679712914,-0.02338995472225691,1.2967963182616709,-2.028108072096357,-1.5167355294599585,-2.886535902668321,-1.2763251983155193,2.9117709075622322,4.881479753174608,4.358911673644489,5.056093156350084,4.853529269321147,6.258495722177284,7.827457936014648,6.052546815780762,4.122937559416561,4.057931100348132,1860.5989127067146,315.3324244341734,0.07369594147673042,0.03761847064956142,0.49673051878550495,0.280693317307039,2827.7197298034853,1696.406834573704,13.009575568798288,0
-12.515544463673903,8.434785963028624,1.2023664181480744,3.6884140267300256,3.581135541605752,0.48122122890675456,-0.500858464910759,5.273801664439932,1.6798508004412454,2.5899193767793447,-1.1460991204789095,-2.214877832972151,-0.6543936669995069,0.4042322458107217,-1.9938833503767057,0.6003879783740425,-3.633027676053603,-2.2445630006191246,2.2035939101658717,2.009476300694735,5.52974788153576,4.028682829107656,3.767115738168787,4.427078104870423,5.57342218997435,5.863894829613189,4.118447631707352,3.3033090888182595,4.988079032106267,3.661758035248981,1444.5242083416392,556.022087234963,0.09654230857131536,0.041579743122514515,0.3482464799109822,0.26056982837353293,3731.3286453937635,1706.091583558616,40.431715879428985,0
-12.773694555886328,5.9147733447870685,3.578117677354938,0.25246861153924716,4.163112375859855,3.6915587000479357,-1.4165743680667389,2.1611993196162276,2.7431707999105743,3.2052844301887666,0.7216168612728575,-1.3105856020320266,-0.48605968042934344,-1.8038389318541892,0.539015003879211,0.0077865085782738985,5.950826346039415,2.7922484116508848,2.9501859566964264,1.6783812270693221,5.559218823997778,4.9195320494183115,4.779356840220055,5.100879927241361,5.267003772268137,4.750850353216626,4.365567541473955,3.9745612434144184,2.9954881573267627,6.190054998055982,2261.658870479624,545.94694247426,0.054818687481385076,0.047870165696408916,0.5319021041296653,0.2298281150689321,3444.4636198195144,1685.9242418693452,35.94604825965084,0
-13.02520069454787,7.423922564382267,4.1504718348594265,-0.9732468255274758,1.5107536721327464,4.316891016438331,1.2997641072598134,2.5077259215593672,0.3142403229957784,-1.5745296213546127,0.6007307489756329,1.6059519409149683,-0.8699885294228399,0.12500760214404305,-1.6819914382982901,3.42311229391024,-0.1479040998524379,4.1874444183710136,4.348185415825955,0.2973850881956406,4.78986152094318,2.7469225467199956,3.2335555123678503,3.2263982101216078,6.454163552953806,4.8889895046723355,5.1818111431961,2.022994789277849,3.229106951605953,5.7144957317355445,1686.0322337147759,438.2235777051522,0.09129684717200245,0.05635797806135815,0.43231660291703594,0.25346849013290346,3296.2984593656524,2398.027408818498,35.01623238786896,0
-16.671879283943863,4.438442691021306,1.139696483325583,-3.5113738146259745,2.781627478018307,6.122802208059953,-2.647821577046831,1.3881564896975442,-0.6561508367328814,2.303756313924631,0.4782655172794942,-2.566803302710669,-1.68352851564357,-1.3614656156748044,4.027462186634686,3.8581481923253773,-0.19013442366409683,3.6250641391839222,0.09335619098324888,-0.31665689612546777,6.06854140866141,5.591790334348364,4.333466248561998,4.901238890618667,5.7447870067758275,4.905447567047257,4.765625196834899,5.280516257136954,5.466713939696998,4.574861017664493,1457.7456828765553,465.13626427793884,0.048120725403534015,0.03789678004496145,0.25227520733485914,0.16621041082817495,2286.9070752916446,2061.8379356132627,14.034874720076044,0
-11.779810687869055,5.036272498156635,0.24299384325717766,5.635845901893349,3.8275015669637034,3.012754059707798,3.2179070314985294,7.235904751456127,6.573848348701391,-0.7167883575082383,4.96880339111879,1.7912538077305842,2.0169703095751426,-3.5163913648226073,0.24070225319617672,-1.4070589758414123,2.65838233135092,3.2332568065625678,-4.659900088067094,0.44491283998932385,7.346233805753102,5.0259852452238665,5.874876374002837,5.2963985611525,5.209992278343152,4.424422026318043,3.254388749322863,3.3416638230899673,5.517889684013047,4.6733499066226605,1558.4463266178325,416.0887966142118,0.07389622309038496,0.050469117944881396,0.42318047345055787,0.18294676433492157,3571.8258877700864,1748.7808340338206,46.90639066587034,0
-14.23390291436208,5.008024669408744,1.6011705246533041,2.3638521513485866,0.9069813826302868,-2.397787328521293,-0.5024660489550417,3.4738530779225614,5.081846491248472,2.628187610296721,4.768335311571944,1.046804858670729,5.125170980987117,5.850506815107165,-3.667007078423804,1.1787332678320817,0.8043107668365028,-0.504703983404692,1.756104634852151,0.6028126716046924,5.117461295529548,5.218073873955622,6.445513495242068,5.0940457162592105,5.552345697907358,4.41753627966509,5.256762526467652,3.2364425634201845,4.067002067362916,4.526797669720887,1217.0992238120386,383.5826624886182,0.08626223537147784,0.04129831916288033,0.5145092339726167,0.2199744490907418,3228.8011130026207,1632.0331472790429,8.880253504044202,0
-12.428077521441299,6.25421261292197,3.9541461896230388,2.695294338090041,3.0005896388169377,2.1707989294898034,-1.146359258370911,1.3651980540828783,-1.5731105361832705,1.2027063572520593,-0.2925289446296945,7.181787390290487,0.6694948098514895,-2.7963132013682577,0.33121613997435523,1.92339686409472,4.771645159498956,-0.9180754442912404,-3.4297541455854157,2.542092528577453,4.343281552920419,4.726613470191018,4.690855417386807,4.7914398560398705,5.626997348489202,3.929638861256335,4.385810611685602,4.670375576460734,4.846184215689212,4.767392609649508,1730.8017325667738,517.5071607713389,0.08785268231301936,0.04453585523509219,0.3234221466602818,0.252511384958284,3439.7537740008042,1982.2352986426126,58.94186459138684,0
-16.111672669247262,3.604784124658316,4.913635701402861,0.9431310999952336,0.9377522769929834,4.3117226369561985,1.907651333739901,4.246331567802969,3.1062607944919662,-1.9416795726751581,0.6537582634891557,3.308205933254689,-2.286209393646762,1.7635627651824048,0.5685754824198068,-3.7619718553059673,0.8873835554149809,-1.5381144847607764,-2.392813665817381,0.5228516895565819,3.682976472896392,4.440851648898141,8.061409103003177,5.6552668720883315,3.742290112599176,6.4349991281204755,3.523833441353154,4.023065816237433,3.2880449747515215,4.957295854399225,2010.5888866291384,370.0795013952115,0.03879113925181822,0.0509096667451942,0.5743040400870144,0.15024597667926334,3430.0271707232223,1856.6263380288221,19.88759823659521,0
-12.398922768387903,0.11237807420429302,2.410984735754678,3.0345219848526583,-0.2949402615268397,5.994590746084916,-0.15995327200041398,1.1467682824817929,2.501166353216838,-0.4782119720047362,-3.707341710420134,-0.23830298395799987,3.3428321590483705,-0.12795210267713208,-1.4494190869807801,2.939180523756804,-0.23870194593998473,-0.7198464785699876,0.899956013631958,2.4268755240469684,8.858056238079055,6.242683329188908,6.391807959666013,4.267840561214574,3.5689582728366283,4.824797619542948,4.84288961259723,3.3932847103624835,4.456313230781851,5.129181122062957,1708.118018505424,490.3430282707418,0.08581929460274886,0.034929913407299444,0.40888794986809257,0.1900524301003062,4092.3875195925475,1803.3625911548233,11.227717279251895,0
-16.01500165977123,-1.3668302794054634,6.635208652898735,2.923437628179028,3.1093482281745137,0.4834762862210573,2.757295648938073,5.837050361466757,-0.7265713479572835,5.167531763392677,1.9055010738209273,-1.3402485367588257,6.3002073632082904,1.6933863140080456,2.357863338599269,-0.0483802618168947,-1.4025813192061465,0.975088667245029,4.479975098182005,-0.2741495304642223,5.967898505311034,6.997594166375502,4.639607785034912,5.487331573402945,5.852820608087637,4.51386286134762,5.086090826125622,5.4808233332174074,4.185568434413715,5.628918197987992,1435.9041749633684,395.9929936831607,0.049459178783590865,0.034965376560989414,0.38475978385038234,0.22995630218725127,3505.996315957244,1368.5814366562242,29.301953945008517,0
-11.868648172426923,3.052451446200036,4.014386824967358,3.5436627245532373,4.977714636933692,-0.3798458999835297,4.158838388527494,-0.11976326051733777,-2.2285448993104224,2.8103413982862433,4.1359869693969795,7.303105767160044,-2.2300823934947647,2.4615849269876864,-0.357836442817166,2.583396776310078,-3.0879885839604793,-2.6013688836908546,-1.4133712684425253,0.6974101141702113,5.230702480153973,6.0408652126961035,6.232273541909497,5.594493049494427,6.7425451675930415,5.248991955346412,3.2540096618775136,6.323551816246008,3.94047918393947,5.742502199622685,2072.120264966532,486.53504085843196,0.05007682373670701,0.030817878334902085,0.5558195573508109,0.24154386571785919,3239.786767471083,1989.7061040409023,41.38064129280085,0
-13.088804449235525,2.5488261626952555,4.043474759658009,3.1439374272229865,-0.05371214155918791,1.2421174528587704,-2.3225978533861156,0.38322616780999563,3.545726754260659,-0.8671206474802127,5.677335500157293,-2.756895448004308,0.11879239474178405,-0.9267891947495993,0.21621458823449352,4.0536869553523065,-1.872903447042595,-0.5726207717682694,2.1625801712815327,0.732896949794131,6.210209939170803,4.091668392480531,4.914099834077003,6.232894141847428,2.8685748203028245,3.913229019161167,2.5356357588553107,5.33187083633249,6.13723132104403,4.429908015249549,1298.3439956454108,371.90028388363714,0.07405885584254515,0.03699127954608475,0.5229465422810696,0.21655619827784933,3417.53916909293,1723.632492688033,23.054029910253536,0
-17.634588738410862,6.069535987882258,-0.9214222417125053,1.096655008894485,1.1762767494550348,5.853815848951829,0.7415656666897086,-4.253108683627296,-3.886111156042013,1.0850739658667026,2.443518048565681,1.7719729774014654,1.188156033733245,3.6199347080498816,-0.6823113851761623,2.862276390067063,-3.4918019184483966,-1.70681402678961,-3.9912876978558565,-0.18711325167448056,5.944486539280389,5.386921790671824,5.0742600234645625,3.7619360030259266,4.571710986704141,2.9530639976731017,6.350160484444415,4.323148712522399,4.080003323814237,6.5567283941329,1227.3260399352312,359.9530308774425,0.0580755935026287,0.039321286183005184,0.4845305303710078,0.2869837734058917,4485.997658747485,1237.6418864498091,58.63844944061772,0
-16.31089988920396,6.3470423204528075,4.98258275816033,-0.18294627368867467,3.7165704798653993,1.2887859501080905,1.4905680151429452,-0.9607225074707957,0.11115604153883629,-1.5753556630570724,-1.7864545161998429,1.7760588844002827,-0.11856064437700164,-2.5348084603703254,6.109298285387607,-2.186637598289841,3.318492696665982,-3.135603548498949,1.6675716273931727,-0.1264009215467281,5.245131922369914,5.4860907885188475,5.074711827595198,3.900041779581546,3.7707133430555997,2.861302945606719,5.080962975514176,3.18293420747999,4.671436614487286,5.36097358094486,1662.4165095472163,392.14949615861934,0.09817624822699939,0.03592028521898747,0.34326713927960073,0.2358136247773361,3493.398688992363,1631.3964213974682,19.607317906904797,0
-16.77357789332119,6.611488581037941,2.377202339160108,-2.439908249729049,0.5742148305338348,-1.281103869240454,1.5133282377772723,-1.7260193391862257,3.426048862897653,0.7723103491174319,0.46510092219406163,2.47306367780229,3.178998104420425,0.6640388348615852,-1.26133408220656,-3.8099240402803236,-1.1268890984703028,-0.9874750610643483,0.7939594219544261,-0.3628672028450679,6.825519566461714,4.514420074475172,4.93155059977647,6.295784931836267,5.2101902567459595,4.6779549499737225,3.991952383963502,3.9276223239420274,3.64593076312433,4.000791761060521,1826.6997516232943,432.2489382966185,0.053004538612375376,0.057681692930597835,0.47559721529161303,0.1796528299743415,2979.075536379588,1827.7215957071044,27.16713168489227,0
-11.654932093045199,7.518951706906833,-0.1927346762272406,5.2145532980718645,1.6140661631901776,-0.4856121598167291,-3.5194432195302294,0.5777095132554965,1.080542148061298,4.968319135275544,3.3021754284626237,-0.6238834701067536,1.7425867547801115,2.779909270967773,0.8815601367097052,-0.84288539757801,-0.7421958464909671,1.519238231697936,1.5587672032863016,-0.23238653940886178,2.857017353935993,3.7013727272504515,5.743626705934535,2.3179944031729494,6.2210172196406575,5.993388713366205,4.763601372605561,5.405017241074329,5.30119628069733,4.509752245960545,1187.833264723429,527.3818380049349,0.1081446002276727,0.027914094757576578,0.33709959958642405,0.24316015476213296,2886.8877021817752,1836.2373100513648,27.733835292915572,0
-20.48595617455006,8.998677350284474,5.091189688883343,3.8330182947482814,2.4135091507492605,-1.7883772550644272,0.2195285796828368,3.354451936960032,-1.5169389633451456,-5.329423290627034,0.341325889638594,0.47893944826448687,1.108139310267542,2.5355823230720547,2.260681197244688,1.271924513109804,3.5770637643344205,-3.2418688964777314,1.78777032566716,2.066345908342356,4.512525256703713,3.446555269581133,4.1048694482292785,4.0811502689816495,5.704103356202917,4.012553459570686,3.6866674923482696,3.953539515966529,6.009025467651721,4.665652049252343,1546.2246923929265,441.19956010391587,0.10584120668653045,0.03250828273396758,0.5552406632752083,0.26052481494607516,3119.7903090123264,2425.2251244835707,7.203799749154667,0
-15.071379961339206,5.296697710169228,4.434632349285623,0.20257719736305457,3.6183317137836966,-2.403048180721375,-1.9108202276952755,6.589065252933076,-0.16419073758607894,2.823798377465505,5.154816890158299,-4.9528068636128575,3.5848462196200437,2.336644729933892,4.767659868999266,-2.3288079041615677,4.216371936504179,-1.2929805234511704,3.163260325165326,0.40994741061390017,6.924922567722167,5.308643019966183,2.792718098975925,1.1303471724674439,5.0518986407801885,4.433517954842382,5.192150855990067,4.38491584098771,7.088359525928052,4.926644553393966,1465.9156817252003,476.9890453077493,0.07142650406237389,0.040929302341139874,0.35260158502113326,0.24957073990701972,2961.0738019824125,1519.31584365783,28.784044169407665,0
-16.670357620819416,5.483448629810398,-0.03710928023539184,2.5392055911790608,6.750671060777412,4.224308054797265,5.537425201372752,2.2278196923318156,4.029885668577226,-0.8099118261694684,-0.7017597584640515,-6.014517182010349,3.7345944543365164,4.56509566383543,-0.7162764467015083,-0.009879265993087749,-1.2964199901097566,1.5121894342492845,3.3386471527317862,-3.8569299347026025,6.4913262367707025,4.917993873937026,5.136073270360027,5.425792802009149,4.574157073472614,4.625695775913063,4.457635513220148,5.851879442145938,5.169178618819663,4.914700245284833,1218.714483672315,419.71362054294764,0.09797338320678349,0.04037696573123923,0.5027625175671311,0.3383255900163817,3719.3030346044084,1823.2895844249356,27.551308270795865,0
-16.941340861353428,4.918624442280715,0.9922182042108094,-0.45960660262917274,1.7878523875266186,2.1011695788600124,6.413228776652916,0.11134904038447746,0.985687942026405,-2.1251837949273122,2.4396909463581937,1.8285702817165348,4.49021746345934,3.493341093057486,1.545183338772374,-0.5501787489717509,1.0999063888427982,0.27802190022615303,2.909809622568633,2.5655787249061706,5.6443014676142935,3.4956074642077466,6.60006476026451,5.573248748187846,4.416611915312797,5.401448017724405,4.804119281785749,6.269841511463368,2.3509303885006347,4.173370840183882,2079.7163546436063,495.055872277385,0.11545213336628415,0.02778192906836536,0.535775737275079,0.3006112211726917,2359.135732335583,1726.124427616729,18.297047911382485,0
-12.47431353290996,4.889096361221096,6.779501721967854,0.8212194825486359,1.8630540991529372,-0.6393657954432166,1.4469781321303465,-2.4463673424969974,-0.1079724412762959,-2.5906346623202943,2.6438989920690545,2.6248066827324625,-3.5564260569800936,4.049000078037146,6.910204482716302,0.7400159668408524,-1.0145503564439649,7.6163820330631715,-2.7711054562825925,0.550266167172746,6.2155467271583085,6.864177144542897,5.4316867701521465,4.276639325053859,3.658578755534452,4.3398138157046375,3.505972881151542,4.74489038374162,3.989631250834083,2.8571546480522994,1976.5437365124712,410.18619812567687,0.054637263900493754,0.038317408655124584,0.4554697252774127,0.16267666372104833,3365.823833562881,1538.210607827434,36.11610186031302,0
-14.286501558195782,5.3499843565910865,1.9746505651994757,1.5585834462724721,3.5729377276267575,0.8794783365089681,1.0228653106528935,1.186631813123939,-0.3659591661575792,0.8125518523061217,-4.139424412886095,2.2054230408794893,6.6486603666609065,-0.6658233236219518,1.6012595291708411,2.7539408006154615,3.7887734759113005,-0.10524816629489275,-3.981977344748114,1.1680798771219072,6.154354428785313,4.835200350388797,4.839785452538791,5.047416534021277,5.234114390524621,5.133771652287901,4.45306292288436,5.148634601983141,4.324629648736833,5.420430601842384,1411.7671493570497,455.844655371965,0.04752522835765541,0.03630089530542853,0.4953990976903983,0.19831325666459657,3039.9497618249584,1198.7326125224477,24.5247313697668,0
-14.660351439795857,4.86873732865337,2.971136928463616,2.607602177125969,4.55710367887691,1.1905512018436248,-0.006635014146745499,0.5471862877797842,2.5594780105030503,4.530067196358123,-0.6612684388320368,1.0806678009055426,1.6151243740706684,-1.767159302536343,0.717709584698962,-3.0391846433552376,-3.83439046523085,1.472421575286198,-0.43337106385327284,1.0057010190530478,5.97852602758998,4.078319941603443,4.9456948376427965,3.395278433982174,6.46916682960168,3.1228355861680432,4.479343389123417,3.436774094343302,5.351172074699622,4.252282354462197,1444.399984113637,518.2561236041244,0.08058861183355105,0.045166444459359675,0.3714939250786028,0.17975915280362464,3253.603981020067,1720.2884111263172,29.350476023855208,0
-18.895181839633782,12.083739029735682,2.3567420064549536,2.958616440545338,0.5630089559887907,0.12508276702803145,-0.5335033300101542,2.753144905109089,-2.415888122956529,1.910271360606672,-4.552140928538613,1.5171552611877428,2.892087284061247,-2.4720120539827093,2.3635231709635263,0.7534635265608037,4.5843014325122455,-1.5824604002221692,7.566280548780509,-5.476955385813094,5.6045954392366495,3.21171634725248,7.221265012219719,4.560958807420996,4.5939779071568605,5.281885717702256,4.70851949069297,3.9749861323183984,3.158689965911809,4.8522160828001155,1713.6500898068434,505.6301789121383,0.11825453700613045,0.01826231095586008,0.44458262421178363,0.3095868917910714,3137.7387877805677,1215.4568865766823,36.8521392219277,0
-23.014208370303415,4.5954963235146815,1.7274683818740884,-0.515278937362674,-3.5835621972091998,1.898160442162785,-0.8951322336538152,0.8170708133978458,-1.8052321668164109,-0.07742757284636398,0.4243306624582595,0.8168017792130695,-1.698987629542038,2.44015399348472,-0.8077439458508817,-2.7640450288158416,0.03905196171282396,0.2840977784698504,0.4995872954986413,2.651838326633143,2.7581306979584848,2.4282282253787373,1.7047560379268107,2.7923321017327383,2.370585438446862,1.9813166969568359,1.0714808982064363,3.066647317033053,1.4522809102152547,1.8252331943781768,2561.2550299842014,156.1548932122491,0.0951947066524057,0.003008419338394682,0.6432598171743381,0.10364441265821034,6702.725560107665,2001.6934803107379,21.761850203852916,1
-26.60267870486814,3.1297001826664106,-0.29892057351501333,3.8301512611343993,-0.8217460331672592,-3.764896803935184,-0.8485000781057705,0.02965980097598908,2.3926814161366003,-1.8651466950168576,-1.8659266651689723,2.062373560009505,-2.1677129046396626,-0.03645590879075783,-0.018905463577555293,0.641643165417332,-1.114432661041622,-1.446367673791991,0.8133363109435997,-1.4127925357056146,2.0840184859284956,3.2366799927110113,2.6595238954941762,3.360501437459204,2.7303805907301677,1.4724471423544343,2.2721072583217117,1.5906230471690526,1.197923130857919,1.91168036415801,2841.6897938846046,222.37107198543782,0.09827317606223689,0.016141267398298107,0.5914280048794812,0.06932662638087465,5263.562037411598,2231.3794921223744,25.256250721064024,1
-27.518341170732057,-0.7365162260330975,2.1450660759309916,2.8121141282087168,-2.028074232012189,2.613392022006201,0.63900388610485,2.465249610334362,0.3180477937127346,-4.1401002514783105,0.09009507546749368,2.241592206941619,-1.301050526658378,-0.41262265831912825,-0.05037363972509429,-4.969124983763267,3.243719753434516,-1.400254001592692,1.1208500942405117,0.043937954933224305,3.6545714338156166,2.7436336734568485,2.225712103754082,1.7638909444884323,2.7387104208292836,1.1092685509605633,2.60181996645125,1.5405731490670767,2.940259086062873,2.2767797255976174,2689.855695532549,213.68949662211236,0.08742868714577012,0.013114166692837293,0.6403433602566829,0.12499967452079531,5567.6434384486865,2420.9823689111518,20.688438826872158,1
-23.65675262902258,0.7793255698443939,1.0492176954611836,0.03505276878246388,6.005065381922181,1.1677113662683196,-0.9396382928624505,2.8799008631980274,2.8878749026743824,3.6250072789423613,4.122024992154533,1.607220122492365,-0.3220408311083227,-0.07899589597348938,-0.25906887622511093,-0.47675966092224775,2.467180370766522,0.2235198547069788,1.9590856724586447,1.4177297986057817,2.2408070221267504,1.4696939980826298,1.6246688866556278,2.043976179361527,2.3405968601607254,1.8443531369267028,2.636124802330375,1.8833888833498245,2.343063351799256,2.2505490083971322,3180.494891304324,166.11415837048773,0.20625257273464115,0.015245201178083163,0.5195965865783514,0.11349255028720386,6906.090446613925,2568.5615705055875,49.58321165430886,1
-23.46797662291557,4.202940653376668,1.9416533307943786,-0.06603352066306623,2.5562840798046507,0.6680265800849386,1.8059726449237257,-3.3767150328246305,1.249011535062178,-0.7494544852610542,3.3395937105577187,1.4548905595337045,0.7394362502210416,1.1610722737446846,-1.5305268685114262,3.171862042950497,3.819760870797487,0.9294665412090116,3.0732527392220232,-0.8244667576105611,2.421731860265012,2.5245548492373535,2.6276312896874057,2.063607991254128,2.5826609142210906,2.417167022577382,1.6153016491110814,2.511275810471033,2.7070058344018015,2.2828815905542346,2918.6916464677615,155.21682929263716,0.15403851266395557,0.0106377543488258,0.5331551185060147,0.1010720749878663,4187.660880676741,2135.6012543776587,54.60538593108355,1
-27.583640648783945,0.9571631008922143,-2.1003679191889058,0.012881549605006537,2.779076645599546,0.32698578713496557,-1.5481049372033822,0.9072739698238548,0.6926568410192765,3.9218979326542893,1.7869341970090944,0.8834099622444542,1.9368120947394931,0.04382836299017323,0.13092294103550767,3.2360925461768177,-2.7087481306221877,1.964524145875913,0.011101659551477211,-0.32468095825603355,2.5682624397837728,2.592204412338513,2.3405489867638667,2.05117856796382,1.8384053529300097,1.0901350618627723,1.7800034676747123,1.892622912243417,2.2796275321889943,3.3578515308089028,2122.8197129189616,163.93211158137734,0.11856511726090707,0.02122675814081692,0.6353181275877763,0.1418503563920863,5338.010198852273,2590.7691762835925,41.8161983018428,1
-21.03637493561269,1.3590343124857007,1.530562177473478,0.250410820153554,0.8035583205604594,3.425838706812028,-1.8495974996466324,-1.0498894098980358,2.923370130152655,2.2360657124237617,-0.2900006006343767,1.871256935350629,0.9218808241779676,2.986208581916064,0.40078393555485736,2.096137804970648,4.990915556533775,1.2988007013076617,0.2993170142201922,1.500404573397763,2.6808314850776696,3.932780623314839,2.4747092892842555,2.1362400078646924,1.7585865969879786,2.8916654482971964,2.734598161982358,1.9015873771515444,2.5347596959623426,1.2748664190722865,2483.2367587829203,230.37403584345125,0.1912198942867767,0.013833449578170485,0.5232988422718605,0.09313716117224874,3931.230474795302,2700.997207327695,7.703845603527649,1
-24.90092339689412,1.1424840309172728,1.7387985496245104,3.8423610209281738,-1.5343009249023514,-0.5163144081132957,-0.80691300224269,0.3300471281551142,0.20049716028247683,1.7901662519932708,0.4243379488948389,0.8785232314280775,1.0248987896139092,0.7274415958847464,1.532630177290332,0.029817912161058696,3.198757230582055,4.797137946316049,1.4817420703701993,0.6103840946763097,3.2747493855903467,1.8393801484698136,2.4747299471459154,1.861205235830835,2.565986150344198,1.797517748547045,2.0074192470703767,1.0768174566861688,1.4849414749202885,2.392924281761628,2009.0192647567064,257.8698292703509,0.11138332734760065,0.023626036010286167,0.5542874622616945,0.13156409325100576,3802.3882360881594,2164.0451073111326,46.16063871855004,1
-24.00646433320271,1.3806235491278007,1.12728306409538,1.2659606333202313,-0.5712844089859277,1.0453274710402631,3.326030787266512,-0.9005706144988859,2.5537027023373655,3.0965757402780114,-1.1054426166141154,-2.28576495582966,0.8512219280014842,-0.6996192552660857,3.630152461160071,0.312653572899698,-1.2086648168162637,-1.8426648975988584,2.1723552421529684,-0.8281311533515359,2.926297279676257,3.0734816470674886,2.0761116555081687,2.272442702755904,2.250058954106488,2.6433280402429884,2.5687323155919097,2.067931761247103,2.2270783257868,1.9569325930859072,1735.0744168862498,221.59203858291582,0.19676575282499204,0.012930246874471498,0.5536182174238378,0.09387816685068776,5270.98465617003,2434.545636258932,19.132376472965845,1
-27.66834545390597,1.3233157041555572,-1.6833605010450496,1.1951424520352223,-2.6909297346553744,2.26868489495424,-1.7949187409970386,-2.690641417650618,-0.21005948817846742,3.4799931250186904,1.6437827797951998,-3.1268320564838046,-2.1099331740678666,-0.4263663861279873,4.295702357854218,-1.4401174663439624,-1.4402993210186912,2.971595118606549,0.56135928526175,2.0954000491377345,2.4637402758944216,2.4390184913625683,3.1560457839796134,2.2130954739585205,2.933831918515878,2.4656937135940513,1.5905082672343631,2.1902096725923865,2.777719284253909,2.5816497147121313,2381.8861957106274,124.87285249628252,0.08612025555770852,0.007333555282983071,0.569373467594007,0.10868646378919655,3840.9825892888853,2606.7538381088048,58.522959128479975,1
-25.994070253802697,0.025141430668134568,5.458773613606968,4.361431607490431,-1.2917184764613097,3.5144768190130877,-0.14760931142256384,0.7325374519970789,0.3305513166299959,-0.7875475542571385,2.1345705821274277,0.5599290883713174,-0.5501002541023268,-2.062546713126565,-1.34180435802775,-2.7044842080837745,0.25729650479436383,-1.9317758438896901,-0.26748260674390056,2.666183336498668,3.6195797437529516,2.4806338635384293,2.314415830980777,3.427924729652605,2.572453672215227,2.0366494574074196,1.3586748440134433,2.4363239308988462,2.6864831524386066,1.8010090852918137,2531.041239812115,193.63920172882368,0.13447902802402995,9.74235395013491e-05,0.5866931157770319,0.14908107907224163,4389.588338881737,2315.7579104645947,5.1291110627099235,1
-23.575022429031655,-0.013779093064923753,4.513977423245884,-0.9156404814798034,-0.7349718974205603,1.6790293809027874,1.757546014034437,-0.3033977417809328,1.1129717064058995,1.2916836675912764,1.0712427445408248,-0.39486551827177935,1.2170721510465503,2.8171810147439746,-1.9392125959272213,-1.2621080639752509,0.2843542558961017,-1.6789810509802372,-3.0356004058195953,2.1676213565875218,1.5627270403842506,2.2585703814853986,2.822033258521869,2.4600198737012438,2.027650380412629,1.574869587412358,2.4206064021744766,1.6069633369198764,2.3484484406798467,2.264550588940854,2467.964809074811,181.1856558369263,0.20105027328004368,0.022865653070963,0.5832774645468212,0.12792811719185412,4296.599931449198,2184.1086504566283,30.76536803978976,1
-25.72591802543969,2.152148570811784,2.9717217439298746,0.6696492901171245,-1.376557680231291,0.7688016966009416,0.7756494435303657,0.8345077320249554,2.1002131731624187,2.2340618321618173,-0.7059432066506363,-0.775724891154765,-1.5646653720275439,1.543582492219143,2.8745428616745543,-0.31714747023606216,-0.19928089885792877,2.8624308246403793,1.1205304515764876,0.985224268641899,2.185450096415764,2.9072368415676513,1.8091848623608118,1.6195878884390256,2.051937053939973,1.8818576992641194,2.0813258976546907,1.335411019285049,2.764178672769493,2.8566117767098573,1523.6958866366335,254.03060125499476,0.11568414110535122,0.02685580429586229,0.5958932104400151,0.12086326692242995,4679.686527876208,2663.638761270046,40.018110289686796,1
-23.756864974437832,0.04296739025960172,1.0595697382690958,3.7823196558763295,-0.6718674735749308,4.6342017688618675,0.5619324966322891,2.256282568368798,1.16974467675093,1.2226721180734605,-2.2033683272212246,-0.5178016940271497,2.4604499401629747,-0.33406387747170896,0.5165644155587307,-2.535359831064472,-0.7323443761542807,2.24369295795886,-2.0982066616790185,1.4907422665930952,3.0066668831509915,2.358426708386093,2.198711941273462,2.005382181153208,2.0188174167658226,2.791177468220028,1.9550594257388498,3.2845541933153846,2.368608390714816,1.8342428425830368,2838.0146786185264,238.07531743844595,0.09037470679317025,0.0117242291438597,0.5930747819278552,0.07249176196739407,6158.844436281548,2546.6696546118023,19.1415177199282,1
-28.738815736792972,1.57650696204961,5.195818198471013,-1.7808846598761208,-2.7675360743296844,-2.0318594968571904,2.1884757944531454,2.5245980959744627,-0.4782153901168714,1.6297823272019238,2.866095953157945,3.5505568793070195,-0.13571119843141904,-3.856934806091691,-1.2109153936707695,-0.5182475508834637,-0.23079571619404426,-0.1159246995934729,2.2245365920646787,2.4939711680376466,2.7969958076451302,3.1590909256310913,2.5812634866453203,2.3387035837175434,2.8039264942659785,2.276684562276083,3.4489724205443717,1.3369532999232647,1.8797863494336784,2.10408866182763,2597.7537107060957,267.058221919639,0.1392680429829153,0.008622162803950343,0.6505508337873003,0.14264876298425894,3537.791871403386,2298.85875989876,58.55584201211714,1
-26.746691167152257,5.1095936767172265,3.08457325999616,-0.6635941351640278,-0.4028841997194075,-0.2779964339614547,-2.728987013748191,0.9688491483275857,-1.1376601614016917,0.9337923785763498,-1.9600614869490265,1.9947571597434324,1.635418981927212,-0.9848679395941017,0.9140351508544751,0.39925700675724385,2.9034331927223,-1.6362399199885478,-0.0636100454999905,-0.9532305460739916,2.926890918260101,2.819964161670156,1.9755822398224412,2.0815362671664728,2.839624478834418,3.047728130489199,2.5103953354074413,2.1172221407541048,2.0490307362665994,2.5088757972363744,2502.4951506321922,135.79608729489138,0.1571715569692371,0.013115441684619502,0.5149838154914609,0.06994965335673822,4659.532158730843,1995.0426913452193,31.451788444636694,1
-27.666845388792463,-0.4110455949239613,1.576675947110628,0.4127793320055527,-1.6216038773474348,0.16057139023046352,1.4810354371937988,1.450110829848057,-2.974962061101542,0.16912573512910453,-2.126377034912535,1.9564449881858264,1.719155857128605,-1.3307347216697396,-1.1122146976540532,-0.580280690896953,-3.8197339928693514,0.8269649344152601,-0.2805938676227616,1.9463151486221464,2.2409544692224688,2.1285262310500412,1.4627515118431975,1.6974256619034485,1.5508108023590688,2.8309175406412006,1.7953286050348791,2.274505410846768,1.9604308465718066,1.4183208403923124,2324.264809572761,236.95964993386175,0.10376721822369944,0.02647290232585103,0.5490167447113382,0.10551048221781477,5144.944029956531,2100.9691528341536,5.871093901968082,1
-28.72812378864484,3.7880021028939828,6.483379155073965,1.5368879882817785,-1.2443515261449287,-1.1955028688602503,1.6751417748333937,1.193845056526838,-0.0672777545515646,1.756127867582534,-3.351356720521721,1.6906451623493561,0.7356624039631148,-1.5069920976955324,-2.3133164044185657,0.46838910894212926,2.7683227638290333,-0.1883455953724394,-1.3243067134296378,0.5443188682452549,3.992523086074085,2.7587798878382297,2.6903078595923113,3.033679181582334,2.5435344396302937,1.7647515090372408,1.1675467431468927,1.6470081281330429,1.5260531058302842,2.5755848717067966,2759.2566231070987,217.90074277719697,0.10193924069470482,0.03429277619141357,0.5750273871696246,0.1381044303090461,4832.061143854714,2362.5990449749743,48.6445571225857,1
-27.201796414111474,4.5643299177390375,4.125574812903246,2.588115686678588,-0.5708581570651958,0.11584154882333064,0.8331975627589383,-0.76667871879658,3.490668274878213,0.6597876491068664,-4.50239012115688,0.94417379629453,-0.31899100657885604,0.1508464847010795,-0.3968481917475926,1.7026835498920372,2.2507321190431453,0.731717914287799,-0.4002338210592127,0.12559303134349353,2.911759769946577,2.018541976081098,2.7140238558094074,2.57602539431628,3.184264743866004,2.9865432015064184,1.8028807637316362,2.692179024705379,1.6183168590322061,2.59755926056451,2167.5236105579515,163.9536049480987,0.14840136028092216,-0.0013965370252331279,0.4949414655356863,0.1146752434867715,4853.5871483126475,2189.2043689525435,26.76596564160449,1
-23.66906292049037,1.2697609163487442,2.442893121999854,1.7652398440846988,-1.1831938532915929,0.6397066741333314,-1.1922812191461145,1.6774304039079662,-0.8429532687944536,0.22606683484598977,0.11199830941701439,0.5521755343042212,3.3002914536975476,-0.1480147634263671,2.458935522220794,1.1139945898030679,2.7884187005129077,-0.38696219044445235,1.4635715513346963,0.09331755931938604,1.1063641873020722,1.8460938489877146,2.7160928342383177,2.609758949767999,1.483013566819046,2.3655538626361357,2.5162418502010175,2.1792006581574364,2.626180071484671,2.5355331847572615,2384.1853892678814,187.01288315111466,0.17127624776277528,0.02370529678303057,0.5171140408481821,0.12662692968244163,4051.8339388524732,2010.6296202712474,34.197246885866164,1
-25.518230938362258,2.441069595767731,0.8474199190480378,-1.7782116977343447,3.669520321167222,0.8530353437751823,3.147502383399705,0.031934749675199436,-1.1395771225989306,0.8845256564592878,-0.02478046375443166,-1.7866372910511112,2.9533039735098,-0.8343721154949072,-3.0458128259653567,2.6406988971231993,-0.672442310815663,-0.8718607844859015,-2.9671713408644793,3.333694675874584,2.126311647674188,2.53506968842339,2.914238860190931,2.5530301598018585,2.2242074128046854,1.2123338183608836,1.728450812825344,2.3126802028255136,1.7165844468966913,2.302015675999261,2706.784533966814,253.31262986100458,0.1032146192656195,0.03757316843983163,0.6460487606732478,0.11994857538992808,5508.198778999817,3009.6223315999923,29.996550312544617,1
-24.89014854959862,-0.9204375956066082,-0.31149469951700515,-2.8327886921046006,-1.1624231443343513,0.41061949511505225,3.2979148739184962,1.2392142537556414,0.8635935459806807,-1.6431881381882816,-1.1204371865399567,-1.0111365147366178,-0.9633391942426819,-0.3470520915332027,-0.23015324442299895,-0.3603410725283267,-0.9730894968362094,0.4653179206842297,-0.3554202942707213,-2.6720210432000093,2.9206290933547616,2.429941601331054,1.418890195133561,1.9452191319820775,2.6182435366068155,1.5514633701369107,1.4689782724486182,2.005069826804957,2.5626482507760677,3.2661965544336176,2696.5209096841577,258.8172483070249,0.1504009288550499,0.014519072162858158,0.6391026645958148,0.11743175853215637,5045.071994588208,2016.1910520947117,26.00890250046203,1
-25.20037392783604,2.538354321237991,2.833017313266316,-0.13444873100798538,2.355647092457546,-4.206912273019452,-0.7245525883709192,-1.1633130532139178,-1.8118663778247266,0.013081291457888,1.0579863063634143,1.5981213306320838,0.7412704706530414,-0.9125339510940987,0.9308962547519675,0.4737142507315313,1.9201952199318881,1.6207082874989522,0.26538386084660565,-1.4150554110902622,2.508229906500752,2.17012638421718,2.1775068663169135,2.4608302565538525,2.6891046340768354,2.202662117524107,2.223960587025998,2.2859837830000025,1.8793457010094852,1.6247646454142264,1610.0529462101806,178.71827888654073,0.15419436359803362,0.014376708495683461,0.5857315777544436,0.1339929386223695,5138.448172674734,1976.1401443501882,44.19307740141162,1
-27.01250877036729,4.094346547327387,1.188201478123675,2.4393009269012396,0.5060456809972875,2.8011592244025816,-1.5158885293430664,0.040189223513271366,2.6340720446628554,-3.9066946667550737,0.28072583621232594,-0.37505004243840406,1.540082522671049,2.211558469454035,1.5811775414192024,0.6838004561150421,0.3083103042187074,-0.39465689644159396,0.5884770345338098,2.8273786932539173,2.4016926210334755,2.258751114925556,2.3213606831265823,2.900559607517401,2.3939814037313236,2.823422470660448,2.834751708587875,2.555222095491988,1.550492718949557,3.176656347138029,3035.5713019917157,212.85930227260516,0.09854689272549337,0.007516014737005146,0.6152589375932226,0.09894748673607642,3683.827063315754,1826.1902901910994,42.375351011497614,1
-24.734863599299647,0.7751107140247142,2.4402336835898137,1.9174295390361922,2.261070028903878,1.2641198725408638,5.855159742927814,-1.35026277701933,-2.6346415935412812,-0.3075623612626307,-2.4587425143721178,-2.353098752677454,-1.4946740698640328,-1.374225744062644,-1.4516459168434417,1.1827941108017408,-0.6758461923065462,-0.10090401254824205,1.8201453098911564,-1.1793805446065673,2.741272460777167,2.7194559916557495,1.201725986294534,0.869056694629651,2.467670397278634,2.5285419016734725,3.452817795197161,2.294856925520086,2.680732719243746,2.062716413848416,2533.7522497132886,285.026557878729,0.07628021545623095,0.023308930060573444,0.7281352038046419,0.12846102657628028,5872.872426101351,2111.236355141167,52.36777249932122,1
-25.30030824052857,-0.14023970660677199,4.353354891875237,-0.48177845265335995,2.1127612697689013,-1.6745965188907923,0.18380093873767384,2.2873228348153356,-0.005005065995784486,-0.26320977565884984,0.3827816466639897,-2.071471873049537,-2.4357721249905193,1.5713399545633564,-0.49331119944537277,1.5216725690466215,2.2480235485183333,2.3797789184140568,-2.7072885964479365,-1.0560927188570164,3.2225511842262837,2.831801003142191,3.716329217184441,1.7554318800601514,2.960901040872459,2.4566980993564576,1.2301441942876323,1.8713108579640432,2.346405696282884,1.1573799750222409,1466.7422977627593,130.74408396135104,0.14777400965253018,0.01612266193013248,0.5628026581611829,0.10243134494502816,3874.3204324223407,2163.079045147968,37.11220470194085,1
-26.507330305567883,-1.7924004063269456,-1.2297912686223589,1.3213525054968602,-2.7361648685852646,-1.9993956376524218,0.5671645223895169,-0.4784924129674947,4.030110389171201,3.7010137828438756,-1.1986240693157129,1.3361810464596007,1.65640091007532,-0.7897476587296405,-2.4253080990301004,0.2278627912454963,-0.07582809701834087,-0.5621538723248923,1.0066966784855471,-1.1513132926100778,2.2088014714525146,2.565449782209899,2.5982487222079924,1.5940130336599685,2.816854366594649,1.1710446506676866,1.8674176390563284,2.0451948782814346,1.8071546612977312,1.8409637158692846,3241.9835170386514,171.71021599324956,0.21323665167415742,0.023497014237848415,0.6055233082387195,0.13428721060162996,6444.453037013769,2001.9220988205657,56.03453464241149,1
-25.92450034398509,3.714967440549543,-0.08428883217363903,-0.5691945337446735,3.8479861443326886,0.7218819835939431,-0.802599964658631,0.5102342564714192,1.974780241371521,1.5182580171193467,2.1173084371919773,-1.915867291597731,2.016160798707028,-0.03659151117777787,0.4270480467336445,2.4270900885606026,1.50020032953538,0.854116687940644,-3.3606677138750447,0.11809666031548427,2.4291947674577,2.926627182638418,2.9612415788880635,2.118781386330342,1.859775114526788,3.167113810642893,1.8523971740774978,1.4832774957782489,1.6892861970775228,1.847000367131474,2012.3866261727032,248.04261224751326,0.0740625966327797,0.012939516708435767,0.5971501532727082,0.1263073866000688,5899.69264439098,2763.5713138291057,28.031744476546024,1
-26.139890868478492,1.8258318142635992,3.1528448563698976,7.352299337626872,-1.440075609799958,1.4763556513743845,-0.7021655421008199,-0.46982254823807956,-0.8519371933677775,-1.626178942041053,0.28931191242397303,-2.3207715033534906,2.0119459274136746,0.38471957057436,1.0270496178892583,-0.5891395015032013,-0.4256729639340881,0.7398372515234128,-1.8847648225410125,-0.44438278194400455,2.384231891672928,1.9656587136453916,1.1007637222912818,3.103595953688,1.848076748107739,2.931358966431463,2.8555611071222895,1.4284001760901042,1.5358421474851816,3.7163017756134105,3187.9166738672147,208.58166690023532,0.1477211931925205,0.014953228776422491,0.6259411628520204,0.09848454297832585,3478.9700532060497,1903.5332640466847,12.533164899932972,1
-26.943837713549453,2.0352381717623094,4.193543699124499,0.746333336982137,0.5573602662317375,-2.3860649484124,0.05484263700477343,2.5708766900600333,-0.00598065373828971,-0.17202238504215972,2.3539226001542914,-0.23108207001368303,2.6333888457011287,-2.026636985983655,1.486803821380521,3.213392573851822,2.049436533065903,-3.1388701707212725,-0.9384195187861173,-0.23551274438400965,3.505973298024249,1.7010291302731386,1.755304664431078,1.336909141892005,1.7645198499473118,1.4823693391499457,3.1730292304035594,1.8115736376112204,2.603444064166894,2.1907817043313225,2401.7825764160643,183.38502812072522,0.16310067461392125,0.02123475386113873,0.6058046347763428,0.1021973816946623,4520.645648000536,2476.6733352726274,53.19607916881656,1
-24.648861534239316,2.9674616682915715,0.2921058213559369,0.8605102601926218,0.6948257858045213,2.154192637861611,-1.3474293375012538,0.4072240245062272,3.8860542887392997,2.4953082746546875,2.7921586516360333,0.3773106456537948,0.8854879223271495,2.089739385779551,3.0751266198223424,-3.262885243189196,-2.1325002350426634,2.5792216047469885,-0.2878745245943728,-1.0090974206645393,2.1475034078026383,2.1669899790735343,1.5252450966123718,3.5546565636394867,2.246538368811656,2.198563008275703,2.5671317193864134,2.777407101559942,2.756421782821673,2.824173166344543,2116.1195021441144,196.59599377694124,0.16307094966326827,0.01578088750688304,0.5996936020783665,0.13196291293274443,5310.370303501744,1766.6957112889395,9.130150519292268,1
-25.28883439327068,2.949157448119214,1.4275865482992058,1.1386251927707653,1.8670620227017172,3.220719196109498,3.1976687983539716,2.912731556205592,2.0112529499787977,4.153739119765868,1.1517191428747942,0.9193158009130626,4.346750603597797,-4.6210296444647705,-0.11834701289310656,2.5044923124699996,1.9997674325460895,4.840395056926358,0.4040006087860276,-0.5754716842987524,2.700749151995483,2.6908408977167486,3.3396552242374593,3.2804846053312953,2.2263911968997974,2.3851384253400085,1.8473247667639958,1.8956706714366731,2.816643216951192,3.1413268332390056,2086.2223437885837,220.9330358459108,0.13270765831762377,0.026910973276416054,0.5766890386586127,0.06220635181621355,5452.398962222802,2208.954911042978,56.10935363588406,1
-23.620500742169682,1.2549891039052574,2.1627683718420747,-1.7402017729071395,2.23635545824743,-0.33252994360436305,0.5933339995378007,0.3328258974925051,-1.8443428931616668,-1.6755517971316083,2.1056664078425307,1.0515192168363854,2.197780582488476,0.8700991096188186,0.5240498093232564,-2.8568191136001797,-0.25136593652304673,0.17293044549548298,3.7261192726801067,1.436521937777619,3.8216367090257175,2.858522623536837,1.939884730496979,2.3702745296899113,2.40173418775854,1.6698399914709245,1.9836532883299618,2.076539803793697,3.15226078842796,0.9315556847654132,2942.6182893222194,167.84421442682776,0.0988376243819116,0.029439537040307714,0.6439138841540628,0.1576355610714357,5320.456265904625,2917.9535005212206,5.626431744870404,1
-26.681477572689175,4.665595323175998,-1.3878835294107514,1.9629472102547851,-0.2742925386082835,-1.327468408535053,-2.803082333581963,0.11226896965221239,-1.831808761831785,0.5015550158928473,3.548443545757488,0.6924465209233325,3.9027972118046756,-1.4823775705463906,-2.039026773332159,-1.598628058810901,0.11811314788751134,5.123529860125968,-2.7812801686031197,1.3153936126923642,2.4800207983756803,2.3657181693694223,1.6118547199068645,2.827482994423724,2.233644920226927,2.8858054637498327,2.3194328307052507,1.0410256136938751,2.8468145664740176,0.9721996206141919,1558.5437926876143,168.72587939407637,0.11288433374142992,0.03116817092305186,0.5897306167949782,0.15742155875923988,4430.85363891913,2395.2939107031907,51.53655520553115,1
-26.512887373912044,3.237029210711519,0.5489118200107885,-0.5146091254322154,-0.06011173126682401,0.5863749087372641,2.9873528076693088,-2.981357941827239,0.4859896305552016,1.5248264703772776,0.7118437986215966,2.691090638313695,0.17387071412696403,-0.0464783102204156,1.3328598512906846,0.4287648669124293,-0.467441611257789,1.1512814934777056,-0.9640246120004876,-0.9001188736347889,2.5832035869406322,3.311841496099844,0.43405685307523867,2.5373593008577657,2.280563088520134,1.2248110577904612,2.4001217817673157,2.4854511950989195,2.5426724277033292,0.588903162173031,3014.875235334497,176.80184828918215,0.1605970324025953,0.025928590245458287,0.5473981748628424,0.13981379857054652,4549.429393406967,1678.5868461985528,23.19361452852106,1
-26.39955962311874,4.090895864582848,0.8157287350612904,-0.8547303270096043,-1.3393638171299813,4.246542763477497,0.5316732044437321,-0.9067080338930982,0.6677196984340831,3.814400481097127,-0.33778879250283644,1.5699526103400874,2.443322174886892,-3.1188487196155465,-0.8824756869385038,2.159955930685954,-1.0234520727374523,0.9685479409033324,-1.1547405626351843,-0.6019934263214686,2.5595817166357366,2.8820020922174994,2.4876147351864226,2.359315667006612,3.7644971427153004,3.2771517776053734,1.025539541953446,1.933954196068871,3.6447670936530843,1.835245981587175,3339.485693643815,190.81529333092828,0.13298007288360314,0.0269085708730865,0.5945875694995298,0.13483873918722858,5823.716654549965,2527.6402801927306,57.28256071917661,1
-23.53609526908373,0.48106302063518136,-1.8052773509804318,1.2822814289767477,1.3062148859934875,3.347945603672435,-1.7152231119565837,2.5784487800900964,4.7057902996932635,-0.2799767975404588,-1.9600596314514398,-0.39922052613873477,0.33290124896079304,1.300532460726732,-0.7978438470418188,3.0493573614652156,-1.7708640493674523,-2.9083470516888177,2.202605079506645,-3.894317856171159,2.7775221386763707,4.370608677524828,2.359440534890708,1.6275394095822504,2.225561521727924,2.202852860161613,2.310675678497584,2.597357789295772,1.5654221878682457,3.1925288331420765,2510.301427967678,242.70573208808116,0.12115551800733074,0.030291057095964267,0.5845768554712161,0.12832657540480594,4193.481049828379,2000.920512079362,19.900007278577917,1
-25.33858517598109,1.3651671818079532,0.21601258944873147,-0.2506066545232979,1.3253840470093698,3.1463600715804163,0.5517803454963629,0.3626045599266161,-1.2383516024396208,-0.0015256612232738553,2.5062417767332277,2.200763319649484,2.050045047386111,1.9702781783100023,1.05278526668337,0.9721728942693918,0.6758447056796517,-0.5281712818723033,0.3611852332973904,0.5880794306705603,3.2799011619896317,2.560153892227096,3.6297634952501174,1.574112681765253,2.71268541986242,2.208587109349901,2.2155734835616396,1.7124545306135155,2.8004948492381,2.5717049205926945,2775.1368285616613,217.6160432168534,0.13025315556079325,0.019467507611644345,0.6260079390033384,0.059832714812407775,5367.406363924048,3027.85784440492,19.65077027865131,1
-23.37106832531044,1.5935478516631247,3.9189064685392934,-0.2670493857479801,-1.0984680189386558,0.5456521137136303,0.42276193579624854,1.8859437164034007,-0.9504886388707281,2.8625696262668163,3.9040868961512203,0.26287408479031793,2.5571710640240815,-1.6159804414111827,2.2020654407941156,2.1350975354070325,1.7894812219888405,0.19420866225569305,-5.107121778446182,-0.955108858573833,2.524450389389239,1.9130470371637136,2.4400124693949063,2.0486219326872597,1.765232794140987,1.5980532443846416,1.7849779229945772,2.872899527109957,1.7922738561123925,1.8710367761400368,2194.486073239539,225.25470812142387,0.153687484655856,-0.004357252313945296,0.6612981128296564,0.16309104102731262,4117.3787507149145,2008.3105265795496,13.030929807565952,1
-26.81404419687731,-0.010358749479300933,5.088809084925766,1.5020422571474972,3.4382910350673077,-0.7626453959981728,-1.6814578950079684,-1.260000779725932,-0.3152849487170083,0.4656998772870879,0.09195045331717655,-1.0584104099425982,0.46557932446428274,0.6014093098861901,1.5307642362595077,2.8967781454225685,-0.4197147034690027,2.41008729076456,0.32921398395985024,-2.5491741773520067,3.9699624862375025,3.8635218651398144,2.738124553497597,2.353870978651479,2.0971569639013024,1.9549645516426886,2.940706466174224,2.1896360571710964,3.1932527672357502,2.2009174491974997,2214.4439879594665,182.94147909697202,0.11768851744116507,0.02411316661124837,0.5223303987085193,0.0954498754999124,5660.913706796696,2013.6352067526566,25.231594962854057,1
-26.647858652362526,2.227626594309242,0.42816957672561273,3.12195868666649,3.1600921338865096,2.2219926345167713,1.122470767013531,0.08409283368638254,-1.7009300230998055,3.898351986019955,-1.0037750683182325,1.5278967579924478,2.214910338414423,-0.7137906087153073,2.1350892158353987,1.6255837660099397,3.3456290213342363,-0.6226014173458579,-2.1040289153140135,-0.70988155980012,3.0253121255205992,2.534927636251034,2.1306039289019365,1.1544815246136546,2.542289797677464,3.4167400207826533,2.4928364571595165,2.5654813114321082,2.5323560725819503,2.41822800192944,2819.2496850906427,227.79181565335497,0.13061968491040174,0.013632088719929967,0.5850615806831595,0.12942388489351997,4594.546075270067,2394.301604939429,51.98902905304935,1
-24.619183300250352,5.541573343152548,0.80228409952785,3.171857355647576,-0.3153455630496358,-0.9196997255142721,6.468947392631971,1.472043554580638,1.4659686747657485,1.4714099893015637,2.896775835398623,1.0673913596452904,1.7768916782952535,-1.6197086151474553,2.0377290337066807,-0.17616900446757372,1.4444305855924298,-2.8649936962282303,1.344849582046678,-3.835413438594692,2.7344507177382944,1.4766690454602367,2.746488702416982,2.3415619287055254,1.7975275581758343,3.0939781603542302,1.6762858176856854,0.38128370050594684,2.49706990920798,1.1200407683516307,2010.745660645121,186.7194042177325,0.09728018450911965,0.016050179311534234,0.5156830867647066,0.12487149555399141,4001.3155837610775,2309.043919634604,41.903609021718175,1
-25.811789230652757,2.529108898297692,-0.05724246798269128,0.8956648005970554,-1.9248949022407367,1.8022427531397467,3.7482734214199596,5.52597596223793,0.6085471084440349,1.818767453434936,-2.8414898475971166,3.038255120683392,1.7049036161956987,-0.5853659151979338,2.4935921071868834,-0.20805693796161473,-0.5891512117791429,1.0778250879917066,-1.7035117839051,2.0389245759199066,2.266406112843894,1.8699671261060882,1.820852793621666,2.7557000225096737,1.8899347830881756,1.4245358627130322,1.8508777143242356,2.1807745775917082,1.4803053986902577,1.488991334579394,3350.083350344813,171.2745568283751,0.1303087289368098,0.017062103993605714,0.5747185915337735,0.13864040219907306,5416.2929178068325,2208.2136705405223,41.47313061699024,1
-22.68001599630668,0.0009427543579221265,3.7912746980644716,0.8980982429239779,0.8478295341277515,2.2751323398032968,-0.4022884548349477,-3.3948454024282517,1.7131952311968153,1.0274273397311313,-0.28486196074219305,1.4538897524202823,1.7961905365296602,-2.435897075996552,0.30719002058257616,-3.8496126923283525,0.012646376525849712,-0.4487138170294185,1.0959625471585057,-1.7314994133230681,2.6471080784890892,0.5703656804457182,2.701168959286969,2.246960049923556,2.312344862692366,1.337274891712498,2.4531230191975175,3.191649822108536,2.077941257563175,2.570053344848987,2008.220539593352,206.54147144788251,0.094059781581255,0.0263049744375477,0.6095904346299238,0.08342140842521811,4278.789585055247,2318.325851779494,43.401849942196,1
-27.119007551412178,2.8433722907829244,4.542563413450592,0.5547873033547178,-3.482192873355804,1.8727560759346096,2.3451480520386605,-2.3545221526945252,0.7621159750377595,1.212206829044978,0.2320432200202743,-1.0900543210203033,2.136379310106709,-0.44036925702934293,-2.406668426193211,-3.439054074205426,2.5048232536458164,1.3322173798702353,0.3688787006219778,-0.5924943463314463,2.582600951478124,1.8545580109350333,2.107793279930736,1.0279476709278956,1.8183618079188917,2.046770823522677,2.5802137425999656,2.176044121975982,2.6658427572142243,2.989481063068058,2876.176542220846,231.17294313203504,0.14035588037542354,0.012153695932691527,0.6443966430827589,0.17039242146664588,5022.368925772772,2875.1777445278367,25.853847518896888,1
-22.92255477424956,-0.7461122709368495,1.3158757414046383,2.7849649031462254,0.15290220203824756,2.814253278664749,0.31891911138530843,-0.4452853552568691,2.694960887738665,-1.2807567250521745,-0.9411908936482641,-1.278649259157818,-1.7489791773847656,0.5611753369881843,-0.6566156165346384,1.1295035735496235,-2.8870584863096855,-1.798364340685727,0.30336867693694003,2.8454250749666903,3.1271012893505126,2.146365643089734,1.4729478546384884,1.9112923709563439,2.234509526474308,0.8187181969074799,1.4862636721369655,1.757466421211817,2.0344437245779123,2.1473981121507775,2125.1094998067892,232.7642931991313,0.14374120709091395,0.017039493723958563,0.6386265228562759,0.136858218495304,3855.030942014923,2290.3917292524065,45.54752224874047,1
-26.87059629518338,3.4723667800169506,2.046793854974565,1.305545982347191,-0.7236960451640331,1.7609722872770237,-0.7884694182125371,0.3164240217313796,3.048943907941008,-0.7895016244582623,-2.467744299094786,-1.5612516120328654,2.0974301957300296,0.7442303329986628,0.03468738502691024,-0.666368849560825,1.108941951242801,-1.30616650956018,0.7607243393461464,-1.1162582238633225,2.361404368834968,2.117507539104993,2.1414221987762896,2.2707020984397785,2.4012734770666686,0.020314158476267163,1.7296953796376555,1.9650580135863767,3.091926112053887,1.531998434970721,2473.2584781449605,277.2763639381127,0.10061094410158183,0.02315180180691522,0.5518636899639288,0.10486098773132296,4277.977957930346,2080.442807475234,33.56968325151807,1
-23.834884184717144,2.1641534648685696,2.291769087352985,-1.0594636586495412,1.2440397866049016,3.0051845122320113,-0.9774844805518172,-1.0981402734589714,1.7259678845355217,-1.3442918927676497,-0.05627480604672114,2.9896521555195545,-1.2649116977684192,3.0657100636879635,-0.33774046885076886,-1.7681623883099307,1.3219615968677885,0.41616886454914354,0.23425078538551464,-1.1836928689330577,2.960271770271269,1.25942166754699,2.4979255087375294,3.078349520111632,1.2007427814845761,1.9892682035569997,1.689501825796882,1.2933675796522808,0.957164236679348,1.4714984498047188,2290.9305230761165,261.711167181084,0.09431856470628486,0.022355142073089654,0.6131784951970208,0.17015888880219826,5171.1704518581455,2488.5798479091136,16.825262254851573,1
-23.392260975026947,3.155409421145549,-0.5201198980061756,0.1287691774802474,0.792668893181417,0.5923992918965579,1.9209704272175974,-3.126822218511895,1.0462331426407507,-0.12196643798595186,-1.1456647458547504,-1.003142866651946,-0.07847548844002677,-6.196238902312847,-0.9956545607581233,-1.3264666843633282,1.1943038944277824,-1.2277258062967147,-0.17667852451740812,2.976097929790344,3.4966109118892543,3.0413628399660717,2.0667432084201556,2.6258193675737918,2.119661319727844,2.115677406927171,2.460096920533644,1.8418038469474407,3.0846907515548114,2.0839219162412377,2678.2622548168492,275.5020215665784,0.17094961323725527,0.008728647178475804,0.626693753700593,0.1455215818338194,5379.710964404487,1966.0115497656107,48.58511680265948,1
-25.35179537282719,2.983397070803152,1.2969018349975698,-0.7605590772472095,-0.513340561603284,1.933367740685374,-1.0590477515325452,-0.9607963782572755,1.8005364724168909,0.6408203131571898,1.4025843345742741,-1.8788989524624011,1.296665421076682,-0.9023363823250518,-1.5637245073194541,-0.6596208059605346,2.687011040116518,-0.43379522068587273,4.173029597907757,-3.5119205885466642,1.972233248611153,3.2945111422873348,3.312029402160107,1.7819256576869642,2.301336170033713,2.6606472844352993,2.0766603018668612,2.289920254832667,2.195448696834803,1.2911318122083255,2244.902421317092,210.55642928114398,0.1430936550232417,0.006155951131047277,0.6452216339732406,0.12388480958688283,4113.998956127873,2839.719270207096,56.16931474231873,1
-26.136234045233262,3.079011235379067,2.027612846289948,-0.45780217836093473,3.3542641004610756,1.1947003320480367,1.8851034235103066,3.0054575978238542,0.483844322541147,0.9705136125714077,1.8216853929473733,-0.9714166175067607,0.4049853008151094,0.5117017416863526,-1.4542387263634435,4.421746219612982,-2.297834080639266,-2.1143648044146617,2.576134152055916,1.4838792514337762,2.2844211095115337,2.864373409061016,3.2473769336650524,2.281842165441809,3.8192937400447495,1.1988962468125122,2.6305797866011758,2.899917001732602,2.723695229852037,2.057386564012611,2269.301333094983,229.98653269892657,0.1644726345995621,0.024819787490258906,0.6624034734476033,0.08943390128799794,4651.948863569637,2017.9952203628736,51.63844313219247,1
-22.8251156351415,-1.1596382247762955,5.3262139209508925,1.103232285963427,2.7314377906465204,1.0601673424291367,-0.9109121389139876,0.4345220774128923,-2.9926033877778178,1.6390964752830572,0.7124126051970405,-0.011469551909507103,1.662551535628455,0.35325615658203313,1.3589604367753008,1.9821698419842597,-0.7533165334446585,-1.2815162860830625,-2.8900818187649717,0.42060943789014493,3.171258373070413,1.7058307609065761,3.218894575483677,1.806598717188366,0.9978999449646997,3.1302270732687294,1.0304767142948106,2.778507264030055,2.6215606014144006,2.3717324607319266,2164.7512733025465,232.62587825365097,0.17145454621113654,0.012113516028196217,0.658582420378769,0.1479262353581173,4990.483209099011,2138.607536575666,42.38999688709835,1
-25.10589913743674,1.6023228951086974,1.6773569542388391,-1.0694734512153303,0.45150288013608547,2.0069221839183005,1.7269334044272335,0.013518312144999767,0.8363372064013443,-1.0843706125232377,1.6299222304414083,0.19325474828768174,-0.189020305360741,-0.36538861925381017,0.1534577062469219,-0.5561797608775251,1.4199515824516729,-0.48928816420690313,3.0778616886387598,2.837378906266486,2.3650739060872974,2.5418225616575683,1.9762726938649497,2.1040114620868335,3.4614564805868784,2.0487904830638537,2.430421336532172,2.524792776404967,1.5885112653989446,1.6669427153544771,1857.2899328663466,170.13131697460005,0.054499096720484544,0.024356659206349024,0.7232516304753642,0.1244346221710958,3879.425241428605,2107.1670851300155,14.141029524481,1
-22.707402902565214,0.5728455108698267,2.7075220598343908,3.1135386971067787,1.6613545654698263,-1.9341485146690007,-0.515745975160006,5.384515599552195,-0.43849813011238736,5.7753928760375715,3.4397716572901715,1.2676585042033306,0.842713998187837,-0.5509677535144968,0.10662400304043479,-0.989703481743692,0.12076659077177358,-2.229728582266553,-2.3378615077110094,2.5418281927784774,1.9326141584123504,3.031682892096479,1.230037349111122,2.677782561815354,2.1354493929141762,3.026123055015376,2.0150890389576688,0.9942759668971202,2.0760671173568883,2.275796339328755,2340.6100610856947,235.87985194453967,0.12306835703882832,0.00989277469963515,0.5400210669411466,0.10452697966411387,4459.17339943857,3021.836707400981,52.6135545778202,1
-24.845929532899856,1.4989286583057906,2.724459442712035,2.409687797998619,1.4030978334419086,1.6832870573004333,0.18966716557180524,1.4759654124362873,-0.1637355514084078,0.40401691989232363,-0.13072238522297175,-0.4896600374412194,-0.9327089282069148,1.1275564726602796,2.6257573097309006,2.357983549005207,-2.026523487054725,2.5427877147545943,-0.36215898712279826,1.281319427262065,2.3562708007716737,2.5851879483244034,2.554900576404811,1.4092371248482087,2.6249602998065136,3.0408943380363223,2.1094969468767375,3.016100878496808,2.0750727928174446,2.6897507186279705,1401.6435153220052,318.8450000691058,0.18486374735728872,0.01772299596597057,0.4816746584013709,0.12864085104916467,3861.448394402058,2433.4560612672462,13.14736571090107,1
-22.63338071526577,4.00904171972862,1.375578113460042,3.978064493055359,1.7162510373223556,2.74367610883595,-0.9775552591589605,-0.6766186967465044,-0.7514436802482993,0.24389995154529995,0.47148019040063405,0.9168524888079255,3.859281070239736,1.5840149183625725,-0.6599583924327155,0.2441061176995176,2.9441900580544282,1.6296059389096418,2.8957342099527814,-0.6688298745652292,2.473003076854217,2.0817731791843466,2.125474771984986,1.6620301941377043,2.4371158370250523,2.4207656793803203,3.017552496538352,1.143842499651995,1.6224123550114369,2.6633482847184364,2482.562903420205,212.01611053745728,0.17791561519730364,0.011920366378590721,0.5562762364407586,0.09460464466669166,3491.6097714693183,2339.8452600248797,14.219186011232146,1
-25.1311438399139,5.4007018319071936,1.7620416843846642,-0.5133894018175251,1.197135447752894,0.03290872124968092,1.1559934025889467,1.5450218366641066,2.621059609447533,0.3562843077939535,3.3137653133160634,1.9677741258984776,-0.9656988729696305,4.263454484061521,0.8552567905528425,-1.2532241071500232,3.210537609861818,3.9622218755794227,0.15108084109426467,-0.7065704686760734,2.7965750255278032,2.92883903651062,3.133380659684975,2.642292398518144,2.321033925083062,3.13214039551599,2.026583830454801,2.8185516030201443,2.016051209878122,2.438613774806536,2348.896845844297,207.4866517806235,0.1286784044761337,0.030758832249445554,0.5560244377134879,0.09779303242353875,6178.645817799321,2593.3542693962995,31.087906380266006,1
-23.64056260181697,1.6455336993645773,0.9380495637273004,-0.8146339221983296,0.7537094632032156,-3.2242063731627,2.8318076869119775,-4.569899440031083,0.5195961965065719,-1.6591802023820694,-0.8984852098261938,-0.6965401459272467,3.7738193371238076,-1.700136984132326,1.9123338472960878,2.338723292681215,-3.9738766427905166,-0.8854127579483592,2.8825526828757333,-2.1665922112950162,3.618965621986782,2.4892800511593487,2.3300082689260577,2.3416949676317804,2.4655430989188742,1.6599504225167876,2.058033994394191,2.422359048388127,2.295020392546894,2.3895353375266803,2076.5908301330023,238.45346444024852,0.14379427026465125,0.007354399586608619,0.5681177089819813,0.09313486439074184,4209.554239569054,2157.055960864571,16.28505583673384,1
-25.96836135187952,2.8396002743124704,1.4756193772038357,0.4813191450799882,1.1294232709606677,-1.1180820073216715,0.7609300944659917,0.7710844871203408,-2.2610399023990206,2.192248757866652,-1.2229443057722285,0.49589097190491627,2.4036334406557947,1.9519324495992505,0.3284667660905705,-0.4024982051877234,1.94081555308308,1.436673182277738,-0.9025307202899604,-1.2308085646030429,1.6565868909824015,2.5924191050101526,2.3170480196556276,2.9817148247855254,2.47543305608822,3.0338708498369478,1.795867177536012,2.8828901985805713,1.871539061426096,2.6465576370753636,1743.558723361188,220.5810884714785,0.08045936175662272,0.01786290011246596,0.6264212396326748,0.10437094346306712,4117.215541308621,2553.8355407887802,7.226830338056745,1
-23.811242315305638,1.7347517574386815,1.3899019501702559,0.6857420963900354,2.7452968979965764,0.673942190748356,1.0193353131810532,-0.5264557470905618,2.5133811730436886,2.6039007162452275,0.2972362481123363,-0.718397720091533,-2.601065092998393,-1.277759289429989,-3.634095444079697,-1.3891565361583902,0.87784029295854,0.13150231114398242,4.392406887807984,-0.46790208664069405,2.6305209554273348,3.13766175971728,1.2105048937193341,1.4109396664523077,2.65830481675328,2.116078811551711,2.1107880936472405,1.6377093052994067,2.332750993038475,1.6951860472121414,2432.7344979137547,157.86823971660442,0.1345280903785233,0.03619895152396678,0.5745038526157485,0.11604725435424662,4668.360051645096,2352.3594225033453,59.88533239267583,1
-23.417774521797387,0.29631656722082944,1.00544428238907,1.5061810286513175,0.3085878535593479,1.7197050647847036,1.077574203667067,3.7986102326408226,-2.3100580002291737,0.17961521845468456,-1.2716681570855801,1.4207267531236127,-2.603217094389673,0.9090771641190816,-0.8674205097603473,-1.0714913590178254,-2.3684026487261782,-0.6149144809395887,2.16262727031314,0.15466036964693697,3.276608250724685,3.498785093179765,2.5249200175602122,1.9647202567625959,2.540351329109674,1.9067556455447583,1.9116321043074127,1.2880643202286093,2.7446433835395245,1.9483984546103366,2481.9442106171377,163.38171321270121,0.15307842889146417,0.013904470094919331,0.5914974766978905,0.14633478093717378,5313.993552951144,2293.3909782449177,33.65452637571464,1
-20.17508403106016,1.2360886027208098,0.13576541365197636,1.5764586063186767,0.33891480220139675,2.9623387997404405,-0.8833110134180773,0.05207410581614719,2.0216279781346675,0.9550557627373943,2.453810172800815,-0.45248555924006534,2.5816044119559756,-2.7091983861842346,-2.6561828939836576,2.552271849626657,0.24852335348360857,1.879690780806214,0.3895740403859448,0.1873263646447401,2.1031874845254652,2.483896259009709,3.183631008456717,2.3340021764430032,2.6692469174441364,2.625957708969504,1.6066609042887356,2.7142781990516314,2.0006516550529807,2.0242085550231836,3343.9628350523967,236.87865150741834,0.12084493927168377,0.02051630450407778,0.6021971955814933,0.17058279463016982,4825.649377301668,2962.3995959992903,32.04962272773508,1
-25.972677410176697,0.5573289407041877,0.616131838352473,0.19604251573370846,1.9020856581897068,-2.140317735760539,-1.3684687709963115,1.1176853975553498,1.565743699188399,1.5547749608848216,-1.0530289384435747,-1.4275448353458988,-0.6042503931259471,0.7174852398267908,2.940525931357256,-3.4353869343873504,-0.16201764487800097,-2.1765989716231444,-2.763510503446808,1.94052196162067,3.2267747446996036,2.7696601095683575,2.9192821705052627,2.0121686619403185,2.0004174901998835,3.544771703366878,2.0663430817299697,2.641079267832455,2.192717813466878,1.0710448819529512,1479.9169482894295,183.94571010270428,0.17168303755009967,0.02630633325308803,0.654844629853442,0.09038861463191053,5850.317118579504,2010.5320099440846,31.17899296920712,1
-27.9442221442004,1.515556007135763,1.062879690103351,0.926896561622774,2.089395771718906,6.783295838459887,1.3905476477911347,0.5436324367258587,-1.5287146979770951,-3.0021916507767568,2.4701058600989216,-0.6508781473149443,4.995177343534415,1.848495198808286,0.8814737188730002,0.9594320126057979,0.9624522947468968,-1.027998279432564,-2.9421785510871574,-0.7912332277285112,2.888986265483758,2.1113096192631464,1.5950165366906974,1.8510738110225153,2.881439480183765,2.6822508039698216,2.3171315918278177,2.5522587557801777,1.5097288083322895,1.7027451249471166,2539.956783470186,164.79710260802295,0.1432519474426463,0.00989980324757781,0.5010232242339832,0.1420823626813463,5467.579803915544,2110.7537018277676,28.745305311356706,1
-23.547982476104146,-3.2976548178491196,-0.4740100059857162,2.6998934011037017,1.0729830898610317,-1.1760940392074644,-0.5690325564602916,-2.931225916160885,0.2853725268969316,4.379241506828376,1.8125164669545497,4.276083935472495,1.896007069314272,2.1351771037491307,3.8200083046077093,0.9290738668160075,-0.10171506106532563,2.081005752141844,2.8274387426088667,-0.663936356881976,2.467058550595983,2.583313619458528,2.865565986825664,2.778854629196937,1.4054994398874407,3.380296973571326,1.829586756647604,2.0409610018668527,1.6472962728961973,3.7989973015622525,2508.931801629585,171.7061213693296,0.16591770649887339,0.026153086234480264,0.5887363785852069,0.1452182013835015,4263.560225459938,2152.1245175152244,28.94641678704074,1
-22.40205998176638,-1.3658691310865492,4.066314417554499,1.911619443713973,-0.9444713189307874,0.7103248636632509,-0.20052554982651039,1.9539063110390866,1.8627206989373397,1.2304543379441677,1.7071259094067797,0.12663496817813505,3.4787074790414687,2.4882066759380135,-0.591943626311775,1.7095510888598044,1.537742232285161,-0.24534875729559474,-0.39833564385526465,2.386114421200047,2.8911837481846647,2.6561031342018726,3.2073291059451154,3.820003400418706,1.9440250318116619,2.100793182780669,2.2586881214514336,2.2580418596428085,2.4147018220560237,1.8858928951177996,1830.2140411742282,288.9221360182387,0.1583624750241135,0.016651714133284097,0.6262267804752439,0.17498851577861263,4287.785947795824,2363.342063923088,31.065586850115555,1
-26.015721734894235,0.9331349186772082,2.5127538646581025,1.462595402054495,-1.5825692275159222,-0.11795597769611277,2.1510141676411285,1.1329922389533063,1.4680047532674314,1.0892590781030735,3.2912116859323106,0.7582108482171994,-0.38714872847494863,-1.3626447883261235,0.715963691444148,-4.143267226595151,-0.09642608565182265,-0.1482895256361969,-2.245521220721632,-1.4708785095807926,3.3857945180889453,2.6384270494449775,2.427739666891063,2.4838085203592137,2.3155765527693544,2.9790508710483223,2.2883432233079035,1.32507213170875,3.166966867813535,2.4022041603973077,2134.8358211422196,153.59692267672415,0.15187742662874137,0.019062623960204996,0.6944488071619445,0.10962278157999517,4255.7024867063965,2568.7388654707784,36.45283291544527,1
-25.10967694326511,3.743627404936199,2.1312570012266994,1.3277908577031883,1.3926065604385642,1.2292024502656624,-2.9653865379297484,2.5788040567437087,0.2454852109682251,1.6736556234740099,-3.7865255457312252,3.3231187607864543,-1.7738486510988738,4.8601281433692325,4.081299363678778,-2.134848834960434,1.705960152913603,-1.6087591219980646,-0.9404045487846646,-0.9102986817589018,3.1687584040276344,2.6947820742576414,1.6457121736625968,2.5639708420418663,2.137534524103935,1.1410016043365887,1.9538663560243072,3.1962561120960085,1.948720126167128,1.0786779133844566,2766.510029736828,168.2620416880563,0.14643286791237342,0.018624108036734578,0.7057002139282126,0.11486150026607439,4056.0169710291457,2159.345718781453,29.369176311339686,1
-24.661467957414807,0.46787513159452687,2.5309354954493086,4.97729003687628,-0.6158297648041302,1.2649368664698393,-2.5884814882397587,1.317029412994425,-1.1498403951949974,-0.7247023131820683,-1.6186793180753267,1.651205540231857,2.12084015114418,0.3278076720995995,-1.2893014029376288,3.1111414649869524,-1.1154441123113223,-3.6694359176471676,1.0356265337121968,-1.7885944125547302,3.4931652760995053,2.271317381995949,2.7288946109931844,3.140900207931295,1.5346846812275672,1.89377105479789,2.1688830706914763,3.122530791420606,1.7938592581246218,1.8232977824305958,2615.1632590001136,184.02470734302432,0.14457577648692851,0.0075877006322549855,0.7328597965533957,0.07956872309071789,4590.860742406365,2290.2556892473717,28.454409314286675,1
-22.950307477859024,5.7681123050898675,-0.41447894880581715,1.7646387642582135,-1.1555053801795838,1.569618094736212,-0.8292980896473283,2.6807868624411704,0.26422952091419866,0.4836616045686186,3.299643539056414,-0.9860719210689253,1.5404082570823716,-0.8545019096763732,2.420002245584316,3.4661598078945803,-0.23793883852788006,-3.7271404973480236,-1.0281203960833878,4.578745383239159,2.5447314840861814,3.5626126902388364,2.0028950725891193,1.9214003864636193,2.7275125462004826,2.6289379303748004,2.7255902230788576,2.202946335138132,2.8095049476976244,2.7569000565823814,2917.062628349232,181.9398425115387,0.17100887608336734,0.01582931086026278,0.5905739262006294,0.11467118887130104,4151.232457883949,1779.344716892082,24.17865459636381,1
-25.583035935788658,2.3813825218919913,3.152016097243208,0.197636572365672,-0.7875293756809134,-1.930219948138216,1.4355430836559584,2.989750127592818,2.7238389267657643,1.6778789466650275,1.5130143347180418,3.3890561368101473,0.9054389382425666,1.4487477025577946,-0.31074428466693166,-2.2016780675385634,-0.9956339032521784,0.20573595285984272,0.3199399862918188,3.667314538739708,2.9487663005546416,3.207306066415386,2.105620321720877,2.11299446854086,1.4625954176659313,1.7879365256073902,2.530474549103966,2.2045361082364803,2.7546520608272296,2.2887523690070304,2241.395820763016,306.67335887041315,0.1371828929386086,0.029304007757642435,0.5759274476073193,0.141287984381507,5403.210178448597,2362.5475911726744,56.580496384581075,1
-24.997366861335177,0.7874176311142549,3.933001417610015,-1.5826697204239792,-0.40096969205738553,2.2736785474752463,3.7510516151961824,1.3652262755967108,0.8942420491393386,-0.1235573063432146,1.350164448125034,0.5661951411527957,-1.050464129533869,-0.2704744973525913,-1.2947361273584062,0.2745081058854886,0.5266051691237414,3.164111979788198,-0.864788510453645,-0.125398158646277,3.655508792907923,3.5830536102747343,2.651493253105866,2.147862097131079,1.9761893996374278,1.1274932444171621,1.6576247348282926,2.260937454102165,2.080297369280296,2.5540447843970164,2312.1587459268744,177.32742165132555,0.15024032778035973,0.040042121963787716,0.5809590499562084,0.1241666256403613,5350.501627788242,2128.51448252922,9.394152828524847,1
-25.785273457924053,3.886610166684479,-0.5900040240150568,1.6217455269589367,0.10847300172744401,-0.7051735406587097,5.226183887659584,1.2542913225562282,1.5483224248345033,2.447998205203592,-2.1947935379370214,3.4874587697529904,-4.2084306135988285,-1.0980652523550511,-0.5595903450553541,1.2971020569469107,0.6289869967017367,-0.07804431103488563,0.1889310954595707,-1.5604414423406228,2.0016605633094966,2.9359069734016363,2.782890334188378,3.2506966250942355,1.7859897419108755,2.649022459513887,2.044061677266875,2.9142849911160895,2.802066554895774,2.3067256395346742,2247.211429500306,253.24194803737177,0.159407135697697,0.01452447678331054,0.5203320795912341,0.1113440129795461,5785.018979976336,2643.9461476199112,22.107293778134114,1
-27.04595359024103,-0.2943003244483129,0.6128686796284227,1.293749244379301,-0.4962566802885533,1.9392981719903566,0.06207127286322223,2.394984091300853,1.3536435461939778,3.6246628126554454,-0.43237570294311667,1.852481177263403,-2.9085678915723214,5.490699933250895,1.6957704269149254,-0.28335300000089625,-0.23113126149207247,-0.22241931032486212,3.5225922373724874,1.8173891006141905,2.6340090185687908,1.7567109891254304,3.0843294479714167,2.8031293557881747,2.68382241835036,2.1830866721041926,2.034515244939259,3.2111341068878434,3.2558504324715756,2.564074925384973,2836.428389177959,220.62441738768197,0.09890042682599293,0.01216205795192283,0.6687709141829663,0.1582111604343357,5485.182555401252,2403.81569302611,31.41468091160951,1
-25.616148718208468,3.6237643608588828,1.7068131694672606,1.802220232747463,1.5623141732396675,-2.2218023509693956,-1.4519907745208205,0.6845745916715403,-2.5926578989096587,1.8961799857595603,1.932437102955019,0.9222403285133558,-1.710348915271952,2.7699643756776124,3.933645818159711,0.5147382894027532,1.1542577988592841,0.5853518008551013,1.1651908559873123,-0.01520576192751294,2.8792614560937184,3.043430560298419,3.7740411638045313,1.4599572593589571,2.19771250935822,1.5250570421940841,3.1695006534313643,1.847357218408061,1.3229684126174126,2.562912199309144,3184.9400016344,239.86190408523433,0.14614393631845754,0.02327312738220795,0.6848904397695332,0.0937740218995755,4727.2993823438965,2164.19295544714,27.34776675150686,1
-24.33137076102848,0.41463165599350194,3.2937115384587328,-2.0306701256587703,2.5312516505191156,2.1444341491948875,0.7838573068228021,-3.2792289566445563,-2.6575011721302406,0.8318834999048665,-0.05538923705744142,1.6425278461587396,0.18490298257608107,0.0063891476600844155,-4.1007049655590535,1.7303781611907119,-0.9331690149189742,-0.4945484404723798,-1.7150759618069973,-2.572739915110626,3.7832826968990716,2.977292616972933,2.853864011879146,2.17009362914038,1.2172465324205233,3.4945601868360168,2.4676606930437517,2.2820735200461977,1.9734090755106424,0.9532662482374312,2913.701429524525,162.4033421893985,0.15639707488586768,0.02616667168898851,0.6200494573123893,0.13409920620995652,5674.977838733893,2062.2753764501085,10.724177603003582,1
-24.70599757478043,4.631090629262813,3.0818755771435806,-1.3314655172008174,-1.3375957001950722,1.708704339191108,0.4556208061460717,-0.319309211116775,2.272574635634492,0.7374268877600395,0.45805966003736276,1.7370248866924227,-0.3675038832061084,3.109048459564883,-1.1518190551527479,1.4324723194157587,2.816193227234779,-2.2569096584675576,-0.407477000744935,2.2559733071940045,3.5943467286386155,2.3971026397670565,1.9258640104605511,2.8735614933984577,2.970129461548963,1.5345353242258966,1.4919375249058864,2.33515400919016,2.566505268946224,2.0005585488619673,2705.682218992057,178.0438526923178,0.07655919202778795,0.016608791421339232,0.6037939287907861,0.1117248012031063,4046.9078786213345,1755.3053072363548,50.76224065703268,1
-24.36896417629742,1.729154184531484,2.2704113193294755,-0.8449091560370279,-1.3015344161383229,2.126221385635609,2.2591352897458474,-0.38342564611889096,-0.9039734922853995,2.4656196138604574,-0.9238361711309587,0.43307359410771246,0.1791453466215315,-2.354716415919169,0.6124723474082698,0.4199325161274883,0.8836384182299499,0.5070377875981371,4.054763652733544,2.2910208163818147,2.9232854002728814,2.578143450309723,3.424838191317141,2.8178526716031485,1.5225982837033323,2.802702267017591,2.95996636352168,3.170630245465471,1.947993879924396,1.8953297027186196,1976.1832403487012,223.86573589512602,0.161986027473671,0.015893366506579965,0.5914910821398504,0.05838846613142807,5781.141882761723,1830.5070885499708,46.54364112271847,1
-26.272004387331652,3.295279095724805,1.2069308162990071,0.4832028912477828,1.5833807509212843,-0.6680301831762384,-0.0473331636896267,0.7186299155591827,-0.45456770274893976,1.6043533784815431,3.727956070257233,-1.0244033053595236,-2.689533225654972,-3.3174180157429856,-0.004175988024301358,-0.943696262227129,0.609443019567804,0.46089803186920414,-2.6752640081158994,-3.0667908930665306,3.0775599442076573,2.5812573008319744,2.111175867646736,1.3057138489206175,2.5428347576589947,2.9964730605876992,2.381075178417068,1.6915156656609613,2.21562018823158,1.3603315514397893,2876.0823212274568,213.68299505382925,0.08695529264740307,0.01759460511645054,0.6277980906140538,0.11000857137073432,4620.667781063887,1932.6793378858185,15.294521320982085,1
-25.260259690574898,4.775550226109541,-0.9946885960693626,-1.4948873730540315,1.1162760966882201,2.738244551575973,1.5642959967014993,1.0448184081613525,-0.07505000955831109,1.6169888727306976,1.8520369593064392,-0.12982622579908443,-1.3998318106432661,-1.4101054859207713,1.8483883671524641,-2.5296919779755993,3.254000633181861,-0.5988040260680639,0.7676837903371024,1.4630781043587668,2.489788570982549,2.224061294406853,2.445848667834012,1.787767508470636,1.6194149420004549,1.646663986525486,2.9397734859398414,2.4387549080292,1.7129886535630803,2.7036556737404585,2068.010138925203,122.2314509254167,0.1609042697348106,0.03316984761447925,0.6334823802911409,0.06337989145694747,4784.68898985651,2217.626600074111,12.251013979193282,1
-27.01334227158094,3.1571398891333056,-1.0989893915238487,0.45976818370924,-1.0078080873290316,0.894951099909598,-0.08798644741939243,0.8181717858504749,0.4846754433839026,-1.3759862499033986,1.492015077988603,0.24555516001572578,-1.4716599064663132,4.319382086884712,1.1242409667574913,-0.025868996118749876,2.782662265710341,3.537490319118115,-0.0511026443755197,0.8253154755825716,2.307198309198236,2.4116843495391933,2.2472291344107447,2.410896220172993,2.4596562871822063,2.5692304026301693,2.35687130806569,1.4735544240225016,1.6258086254442383,1.8521554283217965,2272.991733634547,257.2848430712451,0.10511183039441263,0.0171406796146344,0.657180569892843,0.11100367576510163,5099.270172397835,2258.1373871216288,57.04698945646131,1
-25.49143819134867,1.4591991120839034,0.7939583371366704,2.824123475737073,3.128065797474207,1.4261473485789853,0.8172933027456786,0.913212706740731,3.0147578684999994,1.2572549681569973,3.104026401198145,-0.4210194002434034,-2.0963319277702936,-0.9185927854240065,-0.7463678086869903,3.1381502699253288,1.5608388578118833,-0.9251995215494816,1.6656664342683287,-0.033245999965567846,3.8807310152461794,2.2997792531865726,1.4433331124195137,2.1879493600995903,2.0601074007536226,1.4273973445643424,2.5658327686526987,3.0548312981902286,1.5153982946551694,2.7636262357533043,2127.016127705038,208.8876649519527,0.13610683326804626,0.019802313079448606,0.6283849603197034,0.08927452078656796,5640.6450709190485,2451.062827015029,18.963620602858747,1
-23.62227611917597,3.9321428643388012,2.2309751751773135,-2.496495843731186,0.5202396214500327,-1.4136069681837808,0.20673818017603846,2.2640076250410095,0.9937159490193952,2.4665635595153788,0.9787934209207344,-2.0036533580706912,-4.229832304138615,0.5535700567375483,-0.11840097276543105,-1.508502330887388,-2.825834931725421,-1.1003155620286544,-0.1395583569671232,1.3985800826715022,3.0131786489407886,3.464840348303637,1.7453042330394302,2.8286353352344604,2.288379245877237,2.650134807804484,1.9523767963263883,2.843008224334354,2.3660237438960348,1.7723330090493505,2394.589186989065,199.2199863478305,0.15467535051913384,0.010561786005003931,0.5982388978730583,0.1318592175794799,4821.465149675471,2704.0823733166985,32.27120171072133,1
-26.24309537466998,3.7437411958242417,-1.3743106745473448,1.4413819122430378,-0.6301824545284596,-4.414076258173481,0.06237058035198795,0.4098823551851043,0.05044978186334442,0.8376040269106888,-0.12147819247016789,0.45780300237911753,0.613893910670041,0.22239372592750356,-0.040729831297073915,-1.358576318532093,1.3052962048544645,-0.2871730029175269,-0.4443599901967449,1.122129758907666,3.0271748162009384,2.0810678072670523,3.117061852429629,1.5864656090525724,1.6411152736535537,2.634345714039408,3.2649670727343807,1.853558684662337,2.4365817125287763,1.4645818650389866,1981.9566077598126,260.94891862743066,0.1509728909227141,0.02930583804112622,0.665178525266181,0.05731350920647879,4022.6296789638677,2382.342740473343,27.15028034268314,1
-26.91822885607522,-1.0307186217052875,1.1400518201952516,3.890220324548418,0.5450072626299622,1.2108478872935615,3.047503107176147,-0.22737156129831937,4.108401066539715,3.985769933495416,0.12763595401149486,-0.7062283419012498,1.562720791194871,-0.3398306108196587,-1.8151327240545387,2.5562295763413645,2.424899414745803,0.5021431089966317,-2.062630240921247,-2.013147252191295,2.964337573051492,2.2000773792969808,2.1620109073817018,2.913177893036002,2.699907590453535,3.0602189416319012,1.61991178025936,1.994085058787973,2.6442779061649566,2.4488470046077353,3089.5711721644298,228.92415176568312,0.1954432731231666,0.024320142413785127,0.6637300468553196,0.11029455159646628,4809.286687724593,2573.2833211518428,37.67575510514838,1
-23.498327035798834,2.9393270696465845,1.6691673227429338,0.5900612846622981,-4.246868266044256,-1.247131566769411,1.1638431555797017,-4.3941518284124115,0.5733575513229485,1.5902149195557822,1.8635378744225428,1.4100127787698042,2.0327978206031125,3.175814775549665,2.239678950403198,0.6042965180234745,-0.0070216209438954125,0.42857039641706624,-0.2853703572250204,2.2116453180421254,3.243260124980593,2.271354127331964,3.1611193368339237,2.1248726875792334,1.6925370123560337,2.2268878053428565,1.7198056240826811,2.7617234425223525,1.6816295786059041,2.1107782230735035,2822.8683713755163,177.95091186365954,0.1523343059995893,0.012212677131964375,0.6146629876318308,0.13701740546572566,4772.602154407046,2310.057886243496,18.790250430112994,1
-24.436919973819677,3.0327807978234214,3.8494530859900307,3.1441114808921724,-0.17465141171290421,0.4830553624375956,1.7792606202805574,2.42239600050615,2.13458948811307,0.285019900903576,-1.8936044107349659,-1.464752143908731,0.7984326334672535,0.9017203286781077,-1.7109562055152263,0.3302252996006889,1.3714979601962685,-1.8499857612906374,2.1995212790374197,-0.47955606740768536,3.6545678675459907,2.1799285325344595,1.7506913769361594,2.0251178060949684,2.2029111261536083,2.000245389270445,2.0846848613418465,2.4003790898057145,2.0861812670110496,2.140332563628796,1630.8481203588317,227.62641072047128,0.13732390106924997,0.03288234384386297,0.5436260899647625,0.06575114014501457,5201.7445210545275,2403.9581054939,22.580641517319364,1
-22.37652826390294,-0.7429455474053288,0.7126037790015605,5.193311470216683,1.107017689774399,0.6039331557828576,0.10695219702885506,2.7939832596910747,-1.2457433087680578,2.067114148033247,-0.13451549176449223,-1.0163839275414002,-0.10829246351216854,0.20222941109055476,-0.629271859094436,2.2529905320670993,-1.1004572532139394,0.4743569485499113,1.1779049802879273,0.4335014876300718,3.363337960089975,2.2398615803418704,2.7402428905540592,2.6913369200700172,2.8408720463443715,1.1019385643767392,2.519713397490155,2.740761861736969,1.9420137104145967,1.8513071454540673,2084.380077649895,163.5597454650432,0.15997280162023408,0.03825522333211337,0.5666387986705118,0.10600354661385025,4810.007748970632,1819.4074962890961,19.91477821411619,1
-25.09495919440138,3.1762621675131335,1.457364372951083,0.7613126591671059,2.918601146222607,-1.6957744795407232,1.5369291653542085,-2.508064896631628,-1.0646069395570095,-1.7827828387219649,1.7711329274498167,0.21559491286162408,0.28338646742494955,-1.7064050921987262,-0.2727816260125339,-1.1242375459564011,0.9255131443846476,-1.5617418213746825,2.6041561731586107,-2.81604480932337,2.4160881005260637,3.5063203059796577,2.105583417889446,1.5110728013573531,2.3914429375226014,1.948097988004608,1.712763560914731,1.5424775135207698,3.849913052264455,2.0290688598895184,1533.4946878502053,277.21693915524907,0.15833212715331713,0.013868268551841699,0.5440128546788314,0.14020418388474692,4639.503087131854,1722.2066544664694,29.71432242012504,1
-23.439805602667697,4.636468070734242,3.7594769904058154,2.6366210959293466,-1.0214955037268652,-1.459533739028422,-2.688413085759014,-0.549754884190697,0.6012356391951923,-1.4140116894518315,1.139594896183147,1.5066773184614153,-0.5463904928547624,-2.126317624548108,2.7523344815090027,0.3132560043175697,3.7294649325257185,0.3885046911279455,0.5025095668326769,-1.5360942759812841,2.6458739999655325,1.5647183383492496,1.5604920486957998,2.7446990283959236,2.0904499701298103,1.9797385161630605,1.7700301258734386,1.968685777333833,2.8687269538531925,2.2665330541236015,1868.993303957571,256.3673112250047,0.1917511576939405,0.023957637344401785,0.6534774127073296,0.15662348752106794,3723.2068029851453,2859.2811103657014,40.28636625608049,1
-23.059374287569412,1.844809223586585,1.099921839681852,-1.765755242687669,0.287379062872289,-1.1284102576764812,-0.2635094016821309,-1.4767354908006698,-0.36359065271896707,-0.33099864264212586,0.5377952168262042,-2.573216418791062,-2.294240358249274,0.9371599730292335,-1.1687219440595116,2.1841536224138762,0.6407796172741429,1.3143940925937554,2.749772492547084,-0.35747946125183067,2.555307976750235,3.023021551359288,2.672374805024478,2.1876018141072198,3.0948747801735657,2.105986747429375,2.2339498968191833,2.212733590500555,1.6281325519498064,2.226551233691835,3028.542079829321,230.0235741919279,0.14093190279196796,0.018705861750674648,0.619852021704381,0.14249299885467553,5196.00524007834,2200.4405414534062,53.44117173908042,1
-24.31463947765372,4.78221270605599,1.490432777447322,-0.8671916847854952,2.918562854387276,-0.3715552675671875,1.1031920000299427,0.8342900408641363,0.5265772384225995,0.09432405008104178,-2.6102230737635064,-1.4704537310014418,2.3275304877071648,1.0575555777079537,3.7034013577943004,-1.6178686796620556,0.18011312801267082,2.3159705563527013,-0.8079560028471473,-0.6736606793996562,2.723996081216758,2.2327913230020693,2.68574510575504,1.2318738981104438,3.24563554443878,1.6575353374000672,0.9439827014886446,2.1938563613096655,1.9624483104567996,2.0732121507004324,2540.6594589010037,239.01785802994016,0.19059954061003692,0.014478873299608843,0.6464574634898616,0.14126809353206152,3083.489336875987,2050.041679239238,5.606544634789518,1
-24.694045828451316,3.2632814729780195,2.479767875538707,0.14477449879971416,-0.1593886949667167,1.8184919895404188,1.8588544224327903,-0.2080320246811711,-2.4124940809767725,0.026831027185159784,1.4859828015229093,3.5830836568889386,-1.848632024520884,-0.4821139693807467,-0.4342597440790112,2.690449610976702,0.17239941682151982,-1.410965584647856,1.216177825048748,-0.5283493360737035,2.165367635985228,1.9643360156343097,3.407091839320238,2.5305255329896776,2.324656033271526,2.0833970918461056,2.3895750195569936,2.368141567601497,2.3641901858132846,2.248907054166652,2790.9592522374974,211.0396955700329,0.11066183493342086,0.015100616872793054,0.48125887839061726,0.18080451348127177,5360.790484769246,2050.9788514612287,10.224265473752167,1
-26.777643991297545,-0.8235028140684051,-0.5827046370459856,1.6870921315120637,0.5085113361861291,2.670414290905226,0.4545856524875336,2.016523594825153,-0.8026218500457205,-0.3832559769239947,0.3807798479168576,0.06877476564848534,-0.1249647492465632,-1.2840919088004696,-2.587345015892042,1.3858298295792892,1.1699627554909398,-0.8827423793104693,0.8925171338345785,-0.09960281704588736,3.563703051075399,1.7126442440047787,2.290630861729014,2.176071959330634,2.356669575313707,3.1556160198624132,2.1400554122026225,2.6458793079149205,2.1001991298434266,2.822547766024752,2738.781749040122,195.00082524713983,0.1278409681758997,0.023895685115437427,0.5606756376237235,0.12571897786893632,4568.73222434558,2410.430794447044,8.894808576217049,1
-22.41945950412782,-1.3473934729896375,0.10067153580332056,0.8303156726231788,1.5422407443547068,3.503777216601148,-2.773496107376622,-0.4138494311014791,-3.3838558335942333,0.456919553038446,0.8526668157364188,3.1967656692415884,0.5248348773005251,2.1649595187105692,1.3175734134369728,-0.533446754609303,-2.300835226578612,0.7172263591474817,-2.4752573150721817,2.5313727308053595,2.802762738777906,3.21710644690685,2.078538006187227,2.4613104718405956,2.3856093144008135,2.206306862526779,1.9546900062477592,2.4354736110823123,1.633190930798964,1.454338802624565,2959.2721019970722,242.72255950014454,0.14197674825806722,0.03332113906035025,0.5839340688765093,0.1596810965996694,4914.123155201784,1992.574774977083,57.37657615306087,1
-24.339890046065538,4.45751504460446,2.3809393713048426,1.3571947513555396,-2.5198509919972354,-0.7442643857118242,-0.15698664132096785,-3.0588037230180194,-1.5522390111964566,-0.08321461015417542,0.17334391917438863,1.2437918114919206,-0.061834361600200005,0.7321874429267343,-0.485354341675651,0.3256238131962549,1.0470451770001328,2.872956673415726,-0.7158307387927098,0.45952758471607247,3.4214765223309165,1.6362438353018698,3.5653623416829454,3.0074184515551687,1.2331069087810362,2.4561624382953973,1.875613653967245,1.9615911808491335,2.3991897869821517,2.8102397215246633,2190.3571760220216,189.63983073973768,0.15116500287098328,0.024575650575779998,0.5395721176917552,0.17171018705075863,4381.845687346116,2589.4022719059258,51.61606379531721,1
-26.436770937444678,3.8333673697707105,-0.987766792169831,0.45715634597601096,1.3915592464486555,-0.3662091783715472,1.981108752252286,-0.5239785553552643,2.979959532647099,0.1736566645076093,1.5719226097060002,1.6761764487024027,-0.8218796972470233,-3.4105615018663142,0.9160270250615694,0.3801190248247651,1.2357809672822881,-0.18552722806688626,-0.5642435420518149,3.8152514197670593,2.016587563093534,2.940370287018543,2.0219055517566322,2.0985328293557473,2.069738300455621,1.7512727688305791,2.557020240427458,3.0343861575699744,2.470897085636886,2.2420291977272573,1956.1017754053391,233.25713696210028,0.20469048895187897,0.01695444300963926,0.577440985238888,0.10316732607057008,4481.880747578627,1476.4101338982846,12.591518491584324,1
-23.32104442737053,5.028111373021789,1.002438288757114,-0.29037368728245383,0.1294829026391513,-1.2168807584820143,1.989370545789148,4.347700932882603,-0.8021183473945606,-1.7456747794914778,2.175306357618876,0.9058261200554611,0.9105645543041858,3.144427356422003,-2.193008710476993,-2.25994981746603,-0.05579165147802995,0.3363485417711088,-0.4283805643437112,4.629355271675084,2.713854765088444,2.1695648306366713,2.441272817595345,2.8825321472080114,1.824743354089963,2.1451413432343447,2.8138564984264196,2.832883859856774,2.3194657489625996,3.631034732152701,3291.2929710130293,146.72477185231176,0.08924116340937277,0.026365715582922868,0.6819219386784696,0.1132572304542478,4473.572735379511,2053.912821828292,42.37294125051055,1
-23.15129123162857,0.8338298786362617,1.985743120203481,0.08219088484186099,1.127907129881783,2.272046408893161,-1.6371967676907933,-0.7238306141442967,0.7773771016602004,4.722850589854635,-1.190105118263927,4.005574328127787,3.915654254307615,0.1105542144514216,-0.2700078804931539,-0.9957173575964451,0.11252956304825444,-2.309872756384982,0.073296084612398,2.8943844929315414,2.5333489625139696,2.3555654176065697,1.3459823821063217,2.5244372528786263,2.418689010970825,2.271554749192796,2.084189484152428,2.024345248736527,2.490029029109292,2.1627100390468263,2541.7373421998996,219.67422678545466,0.17370281861287287,0.025415952779000432,0.6115717105890114,0.1655526609195654,5073.174543886765,2691.488806637126,22.30003536818467,1
-22.570315973431736,6.431051030932682,3.9464039187316162,0.11746286153095309,1.1369312494794517,0.17953852289420308,-0.16031989375711786,0.2957262964940658,2.75878202828396,-2.460508312120395,-1.440945774664776,2.528420773953266,2.9242950210254204,-0.9013779892574255,3.2380136864160574,2.006587749953953,-0.24667592723500664,-4.161255807362056,-2.791900942812398,-0.9847180376973581,3.355962189175897,2.9578600147287486,2.086797151522545,2.1612354407824546,2.2405111900348693,2.1020905255628417,2.3124659724869905,2.181975305951103,1.1843525994337076,2.0554630602684387,2389.830975129794,254.540970566738,0.11506081605079148,0.021631242810759232,0.6337703997792963,0.11554958463576537,3659.381374508691,2603.020706178084,39.41169493473762,1
-25.442791609040263,2.8040664994564595,2.3900368956034974,1.0117875840481707,1.7763631451577835,-0.7894683405997741,3.375658349601614,2.286730585362973,-1.976425572272866,-1.53518548661016,-1.5208227865560673,1.5536792809470845,-2.0048176718591337,-0.3101295158602594,1.0851345802168606,0.1309013178164175,0.7012916459299292,-1.6962226582055426,1.2812641879045141,-0.9037814064567937,2.7052281953612356,2.6426390367435917,2.4285135995851754,2.3143880114093562,1.8096239068139468,2.053603686613818,2.215595868787936,1.3749488600997493,1.9113691091008618,2.412607927419708,1825.1535282695959,262.0461743217408,0.1780883978779953,0.010038795392319316,0.6814571779830083,0.11569255233863597,5072.034463452085,2151.004684361526,8.532938643158147,1
-23.997223674572208,0.03524760373491298,0.5501410022314833,2.123947250078544,1.5709893455049615,-2.9225236613559678,1.6413672085516247,-0.49178270351881204,-0.5002265088827131,1.1287582473344973,3.104921027707192,-0.02744899471651724,2.4299826956629857,-2.3079466964730386,0.5020046893085015,-0.7238997306705436,0.7429066938079685,-0.31113110279096134,-2.2033842383453743,-1.397336853042056,1.9140793520860488,1.7158592626307692,2.654861291591695,2.1493777220856667,2.3985186460768526,3.3226798222903766,2.0367026383583577,2.580570359909343,2.205770196209642,3.837610719638901,1042.0588982636757,177.70519758125454,0.15962071922694443,0.013976756836576483,0.6339642934385988,0.11819762421309933,5362.216744707564,1960.3631508717021,56.73943938015096,1
-23.493415921659388,2.66329565631027,0.5095147459541537,2.9286566744582077,-1.1975502301988936,1.2485116042270787,-2.214197058016789,0.867098943528791,0.7918257996357175,3.417618931446393,-2.4533166445588392,-0.7482635832035294,1.7885206755257665,0.8892853472294396,0.5912157590741722,-1.4710442653253706,-0.8281789089175138,2.4632960370240844,0.11780976703240335,0.875647453060052,2.830887002734113,1.790148690850141,2.926952922311665,2.601939430719498,3.643382102420314,1.6239845055430062,2.7078294670060026,1.4130736203777996,2.283296829492736,2.765903953437899,1467.539197756581,200.77803865912765,0.1231037079787214,0.014384341613639025,0.6231127591355612,0.15362057119267786,4713.368835101049,2361.645928268006,11.662621561689582,1
-24.993691302996485,1.6036721947254768,2.6477828900526426,0.3316972068566486,-0.23145566718199828,2.3051196934258162,-0.1884039239024522,-0.47266891647701637,-4.029750398383482,-1.4711060634870732,-1.1458930979574165,-0.6389017331810214,-0.992158282239646,2.0552045533363983,-1.1285990933452816,-1.0111274664294374,0.5154716724265764,-1.7608051616494036,3.0257121945136705,1.6438822240930617,2.1991478287352915,3.1082002515201026,3.0996915503786386,1.6147311578488321,1.5609000305447056,1.867085445794453,1.3651626424387695,1.7318268793463365,1.9488141380576431,2.482491416825889,2436.5514764176123,203.33903220593874,0.12550480115225263,0.009536354000292985,0.6355030636069192,0.13708122470471137,4399.048415855385,1969.6534576626732,12.383113050155895,1
-23.999664079522795,5.697366394584755,2.4230614419062775,1.850751573382021,1.7554428506109132,-1.265075826654022,0.7795027010524058,0.44642032099447687,1.0232966171154054,0.6097144944565676,1.047095782987166,-0.22730761748522949,0.4131883589615346,-1.9243771331883002,-0.30916643373857816,2.7535003867179584,0.8091491289779194,0.1845643549326838,3.6235482130472976,-2.249502960941942,2.2343266667322688,3.527626846765764,2.394243228296027,2.154450178226124,1.5404774049426142,2.5019510931703404,2.5409616360021916,1.5433033834990626,2.104723537558632,1.9786905007801605,2515.189715888447,159.633739100071,0.17755842363539473,0.027326590252780836,0.578209466476031,0.11350743865084886,4711.32560231955,2066.507434098049,57.021442498449325,1
-26.274351304611525,0.5212745975265722,1.7362456443431586,-0.5232205919537136,2.774998393409285,3.1521185258856836,0.494380475806005,2.5498054614598327,-0.2963436625005019,-0.8858332099114151,2.344131687897795,3.177093853423247,3.8413766842782975,0.88449341437308,1.8184653780079907,0.809111011239067,2.7613756997045207,1.0021336624128883,1.6596771353811341,-1.8437532193651587,2.761302334779397,2.988181689185341,2.8010503131082873,2.839341925921466,2.332392788314532,1.8421201314521656,2.178917794174342,2.228220618405102,2.3339333740084345,1.599280743868948,2280.3600364407157,206.0099575727642,0.07273335023767913,0.02666003825099015,0.6098409573984367,0.12795956611344655,4464.927397831618,2475.875112659076,19.496512300523055,1
-23.817582328624635,0.6997746716929469,1.4411709266764396,1.2227583565436988,1.3617118371081292,2.211553440994036,-1.7019047149326096,-2.940086785468878,-0.5769606617665886,3.642751134097935,4.003549743793645,3.629452177351931,-0.039674154276933604,-2.9220928618584066,-3.9508037163066474,-0.8552686907889402,-0.12123841662178947,2.563347944122948,1.772576142965876,0.6093291421849172,2.3660931374353154,1.923532265053066,2.519143278909528,2.7182305873038364,2.495128757347351,1.6125745575693404,2.604686291560966,2.455546580260847,1.5464890451747821,1.7094074178198468,2709.823188552705,199.44716091843492,0.18767441904909374,0.024009034208516612,0.5708021287086438,0.11969383198827202,4841.199205214517,2081.482906027487,44.53339691510141,1
-23.73651206714197,0.3791756396549941,0.6838816444228131,3.290086679979789,-0.24269071111919516,3.34395031929628,2.57404395516327,1.8529231298834437,-1.6664063569429073,-0.16157567132657902,1.5232122735557936,-1.4410132007703211,-0.034446737297568975,1.639549994144034,-0.7560433435934657,-1.2736180842835665,-3.006099908171664,-0.473719333663533,1.6022530388477212,-1.371226615587696,2.9107232638806244,2.36547443692356,1.9666925330858382,2.802623359625533,3.245363368699538,2.8359360995183556,1.7967238728152857,3.395419398307567,2.7897306350269284,1.9055857586214258,2051.103128049639,260.44676687302155,0.14521307605871822,0.013193881210498179,0.591113461231687,0.10778409546355916,4264.361572852776,2604.37587597844,46.98194424490714,1
-26.525728982494392,3.473470313017784,2.9928188137470437,2.532537886172778,-1.5684353347926543,-0.1720450938630248,2.0528080370345503,0.5747753130150103,-1.4882026787109912,1.2249722904257951,-0.9230167025482833,3.5634780604393153,3.0884069400451732,1.3730896531543069,2.716478735252259,0.36662443022208596,1.6130816075220875,2.8821187537659574,0.6524239430192365,-0.2593369087257106,1.877226825093731,2.4501198845671035,2.8607205774040536,2.8673800565405783,2.562619039431046,1.9085538763559895,1.02819277291716,1.9028709411971592,2.0062819662565183,1.9922426196859917,2678.350360640066,299.3554384956678,0.1437058760552328,0.01826614568674831,0.5844466912197545,0.12373154300723142,4261.609055773541,2336.0595676238163,54.70601738349179,1
-24.503806244258335,3.0190489556822664,1.8046825200558259,3.2215057458244756,-1.0254902774589414,-0.587890165091746,2.543057121346274,-2.151435694927475,-0.5264498643022564,-0.9167725305074504,-2.4519324587881797,-0.003534515020311102,1.6510212554915245,0.5671045336522705,1.7059534802104062,2.3955207417573514,-0.45884305205487624,4.986545063601937,-0.4112214475254262,-0.18255584651864404,2.475427677878734,2.8272336885548044,2.1923646152804817,2.2526646668510026,2.1368721962644224,2.096590604997209,2.3092573319248597,1.9298658681780214,1.9469115397386336,2.8237108943725953,2267.9148912533647,227.2598581668206,0.1133152477853466,0.01644247978277702,0.5260463662505591,0.17563300300085483,5694.048790484235,2478.637697983606,35.013665881812166,1
-23.921638433325143,2.3162126824852027,-0.4099372311980789,-1.4871845394218672,2.1860901960516546,3.3777317000615703,-0.2185014114321373,-1.550310713709432,-3.980260530543789,-1.365376718592568,0.1590540471380913,3.2117551668394553,1.5193329537116511,0.8348680141864411,-0.4535487236753691,-0.7996982910607215,2.7654597931613933,0.5835515955873233,-3.5741549296683663,-1.0123713662150373,2.3850703809370244,2.172241594493521,2.704413062837718,2.2355330709234504,2.213880755797803,3.0214172301284754,1.7964090604137013,3.31851971553241,1.7861043340662375,2.233518917967543,2273.458382068755,215.55386100754325,0.1533377598521939,0.023470681920711015,0.5548129601627652,0.08631255967657288,6427.061664088712,2154.804698119834,20.80445139580982,1
-27.947010232463313,3.347878126125401,1.5579256115734146,0.693487842713558,0.653346488243109,1.5932311029908166,-1.5480461810630228,0.5761239691959061,-1.6066605849018336,0.6945605968051622,1.5272945787933967,0.6320358863955002,1.403176202767368,-0.9743124174536316,0.15474256888962806,-0.17835646362481278,-0.310896779199526,-1.2189318737911767,-0.5667542731754229,-1.8028682710117019,1.8835072029052522,2.0795700036755442,2.742242455935365,2.4404395946334083,1.5060380774516475,1.9897265213051014,2.6297643191043107,1.93090517812774,1.3382291730115456,3.534577127848606,2324.868526206172,157.63894950004425,0.1451379057746058,0.019315173341498116,0.5075113137051379,0.12280106582409495,5439.42808240717,2230.1269377529266,34.01329859386996,1
-26.974858965586833,0.8791908202057108,2.2379165769508607,3.181763294780925,-1.8877416619760765,0.36285413931795785,1.0810640516037164,0.31629849686807365,-4.0137812759343126,1.3019620167557895,3.0984417955995234,0.5433244854384395,-1.5482985882373663,-0.6379147577414239,3.452510188446734,1.8879325735490056,1.3873420307388515,0.8637648725840991,-0.9795204861542766,-0.1610281251803834,2.853246358592891,2.8297445896386666,3.2720180032268087,2.971002882075877,1.4083693865223759,2.3677303146739628,2.6563437213864525,2.5713161980867816,1.8113486308564375,3.9284655294610173,1825.3119469509966,161.25651990002774,0.1470078524378473,0.03693442443971083,0.5498283089577497,0.11202514903059023,5500.240887460201,2294.64135353368,53.80100509775312,1
-22.38145083633294,5.385370063164768,2.3177347995463653,2.0765832035700793,1.0358884951301122,2.4112324658688706,-3.826232977986746,0.49304789817464933,-0.5862841604074767,0.6624725764383206,2.3303659809479584,0.3675948505222717,-0.3411939019149004,-2.2401735678185197,0.06996894467356421,1.4600998544392234,-1.2786645109744843,-3.3837895203947728,4.304158587969925,0.8033158713812532,2.7670558468454254,3.3345968831226234,2.4515542715569487,3.0992190869787404,3.007816729526334,1.468620809002255,2.4902824841335476,3.2351713941816067,1.589698474680205,1.5881752447685946,2032.2595187240936,250.06883634705932,0.14853157138590783,0.004513821353282996,0.620456767411016,0.11244255201386527,4727.020685377391,2048.8939710676655,51.718224820018946,1
-27.710346041015498,3.5119001715356495,4.367596490596282,-0.16323618346387025,-0.06139768009189284,1.5948558008167764,3.4908013174416634,-0.4357014623054071,-1.9539651613523248,1.5365534912903316,1.8019588952925023,0.34436994411674166,-0.6969475596911034,2.075596001499969,1.2171314748530024,-1.1331839304262872,0.3236646339972675,-2.2108513354221415,1.44512913737773,-0.27202042488914063,2.638573500569158,2.4802753089085394,2.3908512862648155,2.8369580369393366,2.614654318795133,2.139487766057652,2.6724866041171116,2.440442352214968,1.9329291071172667,2.1051691050581085,2333.2997000205955,232.73676044283908,0.12898932155835077,0.016876726508626934,0.7181254385660375,0.14819206445241312,4305.609568123659,2471.2822981826594,57.74538977204389,1
-23.196703819729244,2.7209053223529867,-2.8745755196153047,2.966713464262287,0.9094178299759701,1.3024611939620976,1.5441198574211679,3.985298802760214,-0.5387581875945464,-0.5367253824310114,-1.1682257754408578,-1.592563259177878,-1.5850639127601436,-3.0474622575724672,1.0346471257331233,3.8280518165717536,3.9281278969234554,-1.312040401053379,-0.27935156396115535,2.4200159248114343,3.1594081785246706,2.5807094029567694,2.2126259193611255,3.006980866965927,1.6161694247761207,2.521858372600913,2.421246019799282,2.22602317401001,2.6615266833490407,2.200242376959681,2159.4625845281485,214.1630089041964,0.0922368899108652,0.024901717849572534,0.6520937552099745,0.1003015640566153,4218.567705948122,2114.0745029986756,58.56645657574351,1
-22.799118772902524,-1.003684952223034,3.3726008304751955,4.708760857200458,1.2536067701634712,1.7450182001973467,2.4380381552930572,0.004131832677759906,0.7725488468126099,-1.965559153321597,0.6131794149911755,1.2299349254935081,1.2367857489599525,2.2034787881899307,-1.1279772539772859,-0.7086921620122936,3.6472073404314984,-0.048368850552455656,0.5705871329516641,0.07938192489460211,2.406991504216987,3.4741175265350837,2.0500458195143034,1.6236286857758424,1.9895558336183492,1.0323097322980133,1.8235132352958052,1.619122841288604,2.5593460674452837,1.7759514562640768,2799.511771010482,272.9317796881195,0.163435260088628,0.01827689368911939,0.6084668698023356,0.07425045179567821,4713.043407861194,2041.86845957995,36.99851956277406,1
-28.702395274158835,2.4833189463447596,2.35814384459887,1.0948099776673934,1.8724390557493975,-1.369603121435404,-1.1293370187037868,0.7231242785106132,3.6089692937563287,1.4092251881620919,1.456603545176005,-1.5992843586877175,1.0680214567897666,-1.8421543621289498,3.4486299109950456,-1.5714691568540722,-1.198370995649993,-2.4293139352940827,0.3649956909909843,0.2788249661535952,3.807944648706028,2.9658489511830584,1.8922066387136367,2.82403732185037,1.513890596605545,1.8023215100349477,2.2853614435292466,1.5208681728804412,2.8276841991337744,3.5475877009088137,2267.4650591343134,180.67408865889587,0.13611231167977864,0.015541021371903958,0.615703826291633,0.08032786557891522,5007.029159090894,2873.5769715709475,28.883018313626767,1
-23.03866685876351,1.3532864522484502,2.62440771214312,-0.5469185794709612,-0.046460289279443234,3.3640501158724034,0.08231449966309629,-2.865516991518984,0.33049864343803825,0.25854089275415776,2.520699788508591,0.3591388932497014,-0.4511558529002192,2.1668153471304565,0.48408908516866517,-1.1000408268182906,2.3142897266219706,0.5708133983524608,0.21579305581246153,0.5202351045409779,2.2575989771500424,2.183407734292998,2.3688162277663367,2.183201782985192,3.0234570296899577,2.3637768449695353,2.727228067867556,2.20563721274551,2.822661979136563,2.4185166539438927,2406.039218424807,209.40226099684412,0.11136684121127112,0.024055325761090485,0.5975877159278172,0.10494024119456385,5519.200151027847,1924.9351922315595,51.179616316294556,1
-26.79415342433038,-1.4269524552235606,1.0769760101757162,2.6628001347591588,-0.06201699725766929,-1.9341938407957713,-0.4896843387197345,1.087085955048374,2.680831560190688,-0.062051050623898873,2.2624427062295083,2.0326092000016858,-1.810304975601569,2.5369888985987585,0.7978696474055229,-1.9220294967395941,3.4047905295349787,-0.0038138360519277548,-3.2876713583701775,-1.0712794262273968,2.3285274549708648,2.090956039531079,2.0995554193717187,2.1455664402290417,2.0829983748897187,2.174842197747098,2.5667217461362473,1.7521381844636312,2.8974892074912564,1.4448899008569955,2676.8034851214416,283.94720974586704,0.13467930354080274,0.021547722967905917,0.5419216565774717,0.10464654827624918,5818.991049189524,2524.5446883150926,22.439057314968203,1
-21.578831724900244,2.7079312486996656,3.3249562074636927,0.5574730286008299,-1.6078135349578317,1.768575580180118,1.5961493533146864,0.6290033969844394,0.008168619855243975,2.1319790414459763,-1.4106830965330905,-1.0594717086698509,-1.5068994044764628,0.4386656184587747,-1.6915407551299984,-0.9816359249274385,-1.0350658943618973,-0.24687277597890256,-2.4667476877376844,0.35696898566708063,3.6483821903988067,2.5812948233900572,3.291459353547459,3.100398911526155,2.726641028348713,2.278144838915465,2.227785947232978,2.658279863417956,1.9538865231864697,1.050487549119522,2621.401824346332,159.10191165292628,0.11113576315428847,0.020001791583966304,0.5942925073467918,0.07763773181053109,4907.569516686542,2589.8418982583144,42.484425011465895,1
-23.50869445632397,-1.3616150855897615,4.906716407239126,-0.18162605654371133,0.7824856984849815,-0.5082003625769586,-1.2722237877016016,-1.6639030609138121,0.6302794301027983,-3.145814228193078,-0.07340775352514756,2.237316898477361,1.4451883356282391,1.064097983495195,-1.3450255092781394,-2.6049713461740405,2.110523531885929,-0.5859054464700906,0.06098512205448292,-0.1556702237002464,3.3034357819285254,3.6059896276755756,3.244091157520724,0.9006568908822066,2.0748766172265767,1.42528722222221,2.7773430288338252,2.2023900889744503,2.5525800118101056,1.9435253176653249,1932.2827773310592,170.92736706900178,0.09400961998226809,0.00989092744398744,0.5115424166694881,0.08892891966560666,4090.019193379731,2418.2279315084656,51.528971084530724,1
-25.184767432211135,4.45449313135946,0.5441640723458411,2.1008828107894297,0.8676140324860011,0.39303263652781045,4.711372995324224,-2.0944151422876653,2.7648817482318453,1.5815318178819497,-0.4995086267008476,3.2661066647282353,-3.018905894607058,-0.6534656974240434,-1.9086013010176703,0.9917502367686283,-1.7682212644898607,1.0017373263565967,-0.12505923268932362,-0.6628370967809518,3.1331883476199867,2.3388270256371615,1.7134857608312435,3.9808237937809876,1.9676996901825135,0.9027678852421246,1.7090265004528813,1.4396339869763621,2.6845762585131983,2.372991595754952,2579.420760805655,193.348989037324,0.13161949258829236,0.017032551171138655,0.5951284089518718,0.14506000306094505,5018.4490181284755,2450.03384888626,56.341003557115684,1
-23.989399970452087,1.159146743027797,2.709126638768028,1.7069156926875824,-0.24922036207617992,2.696084527487256,-0.7622582332010492,2.0406079497293845,-0.8569838124704776,-0.16893204591512512,0.07087664203750516,0.9427828969287844,-4.03651439881795,1.1101422783960264,0.08220406501033004,0.7643322902978652,1.139773100166843,0.9310781306064977,-3.4027232182768206,-1.7098190778184401,3.0996895605956385,2.6198177179752387,1.892934455356874,2.7425835200359288,2.106144898522852,2.7647691456624464,2.9402985011531606,2.3669812309379066,2.5222203779884227,1.8149239511406436,2801.4944427644937,219.81559663564514,0.13115866883467459,0.010249453334258753,0.570873517853754,0.0867157336548077,5294.968330310585,2666.1289728766596,36.96173199609805,1
-22.813100607661056,2.1903866903434217,0.7361315441435132,-1.7514643332667155,1.3589713482455674,-1.340724343680988,-0.8562138230765148,-1.6433424413260087,-0.38426175433753484,0.3496550539234319,0.856142609734633,-0.7475786104118007,2.2324029792036377,-0.089055178667653,-1.151233713211268,0.6573260810381855,3.7696892180259276,0.8255112419854344,-0.4426138134830191,-2.549430441013667,2.768352607416758,2.6409568750528694,2.1341181319133247,1.3007692170554006,1.74966076629794,3.106056409865988,3.074686316523991,1.6680164984772414,2.592542961208542,1.472856329137896,3031.9423268977284,221.03561315524064,0.16848924495849602,0.006279253222539688,0.6406582261154933,0.11976977808946489,5353.753896014047,2574.460339429355,7.549429818885374,1
-27.905517402936713,6.372082528538427,1.1058745368322838,1.401043783093949,-0.2877209768964686,-2.157319660775432,-0.37968561820810587,-0.15823657277041947,0.7734875273597783,2.4180490210186325,0.7069516715291704,0.7079885072420855,0.9995541974225584,-2.8731600618949615,-2.7258774371783,-2.4445801799557385,-0.4365988267445789,-3.14686499328105,-1.031091264722916,-2.2628486409658284,3.1926292557192095,2.7625933773449503,2.1862802428250876,1.1600234490998347,2.117713654338295,2.430509002558995,2.700721714629123,3.2520427763877824,2.859987797141899,2.2788659174407577,2271.641396861681,176.56796566689238,0.18066985687669784,0.021332724637592858,0.6378326525210071,0.10229340786211927,3993.409107418625,2179.8986845181817,46.74425422439155,1
-24.941923340611744,0.39110020284963776,1.0046805521909379,0.0017321672214067885,2.914571240419469,4.475488368962458,-2.004710428395782,-2.961789315177554,0.0031340851119501245,-2.333148257891629,0.44681725024401453,1.6814183381840013,2.997147722772593,0.6482244914017916,-0.08101273806257553,-3.3110928498315517,0.282427386181496,0.35053929121125327,1.3606485813724152,-1.075278582752364,2.6389684398584845,1.6131986468174895,0.9918909825362277,1.6349017455219303,1.3178045114481902,2.4353607105857003,1.9034052802856,1.8770577219551268,1.5982410611837619,0.24046074049254007,3078.7398369363978,164.98782647504453,0.1276273979045028,0.008360862677685515,0.658315820606438,0.12430286811111974,4262.862564577185,2182.331116596793,31.90997242436845,1
-25.86002092731444,2.5438704273773447,0.780387536448693,0.9136361189465919,0.7655111043530448,-0.27704023071826467,2.041252814576434,-0.35948487431398035,-1.3653979415735908,4.4133509801617565,0.22360700264901232,-4.3468839270248365,2.5662330149000843,2.538466250299304,1.089582622749323,1.3869433776772035,4.122830280449705,-1.5108209529210734,0.4503584129441348,3.745464822292016,4.208941448580925,2.280344612255358,3.572757176720147,2.7815784207941703,3.157128698721142,2.6952258752280054,2.397553460601938,3.525632275541752,1.8717229103462436,3.321369884212383,3327.3100201775633,271.3371744574538,0.13784813054567,0.021955482783832143,0.5235116630836274,0.10642260090170429,5203.462639518366,1871.9863082700108,42.827516955001485,1
-23.096630883194553,1.8545319683055963,-1.8024150905374017,0.18060295441113028,0.33422405862971827,-0.22802780963756142,0.6698793291028985,1.2945555678073108,1.97987178328274,-0.1006157558594013,-3.0631305665239044,-0.5358465613907095,0.3863710222778786,2.4867685455544204,-0.7553874492647232,1.1725785311189232,0.757452336990837,0.3012431818443214,1.8854862905737384,-0.9895141541546455,2.5548881302138904,2.4928595061434633,1.9825787636104468,2.60480737463276,1.8320846173803207,2.369115857980414,2.1541820530136606,2.3289555788660237,1.9130440518510656,1.976547023283904,2443.2041705986726,219.09335277725907,0.13987394253826532,0.03364289885210467,0.5405557848755229,0.11807388615141859,3777.14113562396,2411.6244436002157,58.74299330402232,1
-25.702854994499003,4.395797388433456,2.0692511145994397,0.10075124743869024,0.46284494910552765,0.25649503447465305,1.0789479281624699,-2.073515181224814,-0.7611150951774603,2.263713609648538,0.23301668710982087,-1.1965015216348927,-1.1478957672915766,1.5832327695495199,-0.6653828109275424,1.1696260823558489,-0.8930076599575998,-1.8117145845777558,0.6505326410848888,0.024714189355758365,3.311074603049184,3.03047459261884,2.1518865334146278,2.5093602964106685,2.026714128724376,2.6135215117761663,2.3543349909500995,1.8256980895823356,1.7643421542777808,2.3412007550623013,2922.9859736936623,250.55832950427117,0.11170971788060285,0.01329725363181955,0.5585713373060147,0.10210311211246041,3619.170932712582,2537.012961238916,50.11897582761417,1
-25.269344699653228,-0.40656032465299763,1.3110746444970771,0.4090223031569923,0.7098549220583601,3.3157426837180695,0.8912850538510031,-0.9303865314624471,-0.8359313945393783,1.4712361346447835,2.7012842874245266,0.8407857706852233,1.5473752478908929,1.383242187720355,2.8209826107102045,-3.259262310906859,1.4362882083952098,1.992947101248637,-2.1991763552545587,-1.3942027312115488,2.3895303508231085,2.06272588217357,2.077636436105351,2.4455616878329653,2.779404790700422,2.8821235079944554,1.7115918775850454,1.6931782007782106,2.9783819928986226,2.568046361251187,2437.2891788410484,231.30015039997352,0.1391058865444568,0.024196677464380915,0.5798359982096556,0.12806414803317692,3818.1450672598276,2093.6647115523706,21.041232377551538,1
-24.60688063826061,1.515621226382358,1.9285811413156728,-1.176647758030887,-0.7402459603127103,-0.9039114115292507,4.476115894654802,0.20177360795953636,0.3249850652565492,0.2605845869207086,3.1587291399942807,-2.570677589815701,0.1998731639266335,-2.635171004908236,-4.016999041707985,-1.0716319058449562,0.9771890413533644,-1.2137830847113213,0.9229035885346961,0.391657348108689,2.8165606409184756,3.258978135862995,2.0090447367581477,2.5283932528161666,1.1781479429529267,2.292600995863969,2.059956092178897,1.4906521588069603,2.4279881561259327,1.7366293856588757,3179.483059729904,100.47825725947831,0.14744775625285053,0.02034157819566755,0.5831481746655022,0.10412292898430964,4844.6083299562915,2618.657392288157,27.454672565953423,1
-27.010493591384254,0.11400509694962158,2.57155708253965,0.3751093316467904,2.4519898709927004,2.8449656383242403,-0.5894426571515647,1.9278724927190551,-0.9153849980627429,4.419608650837918,-0.8836862445198236,2.1802907270613407,1.8265143542791438,0.8546723655103666,-0.940311023883363,-0.02251548549453658,-3.641164485653135,0.6261782913102728,0.8398339116405672,0.44029895431046867,1.1160162972244658,1.7406181329461134,1.9178120769574691,2.474995359913428,2.433603343385791,2.1311990581506257,2.5954330362480884,1.5842545748182602,2.5550298923052868,2.4648452629039346,2569.8996297770595,201.8081806011455,0.19492231474493787,0.02394556550791903,0.5418998482047864,0.12744916427207953,5289.114195098242,2123.567420322707,39.02283288256058,1
-24.895485105956016,4.245882125347674,2.5754383449889326,0.6378121397942367,1.8140039055060306,-0.11602155761525912,1.0009087033075528,-1.4316864606962243,0.32176250966245673,2.199440477101641,1.7445007862206992,1.4508484797933425,0.8251557227189852,0.573437175197316,-2.014036117050454,-0.12095367146948638,0.5640025282447717,-1.8017040701102682,-2.9426343344323156,2.2318989444982047,2.930503115965904,2.62598756845467,2.70004276034359,1.7106998297090417,2.0179025235624235,3.1357738960454524,1.9210924763186745,2.040486822731885,1.7871959898875807,1.7354874641116038,2897.4666085539516,98.549329978649,0.12628958540443408,0.02180328114103994,0.7018074659244172,0.08594323932334672,3951.313624426443,2041.9699036015804,36.75695969232,1
-23.626343858722617,3.6604661064195962,1.5572103534750064,3.876599612353166,1.1900953558211893,-1.8836156836418754,1.2287327733155493,0.9408151430829126,-0.6414898833562346,1.432405906379365,-2.638161115507188,2.1163536227303545,-1.272926758797507,-1.4871887394963728,0.06178207651320827,1.0293512704785437,0.5303574321152321,-1.1145642761680588,-0.7004344083559256,-1.8394762252794317,2.765192059022078,3.1450127287065457,2.364108904080341,2.815648552855672,3.133240802635715,1.8805222219111533,2.102341762452496,3.502715716637497,3.0554949360768564,1.1765572845125887,2574.216742227408,210.0251996552863,0.16479359332576288,0.014040169860119557,0.5496234976775597,0.09971787854119171,4428.246444971019,2544.597250042704,24.288628008690004,1
-24.24631379402357,-0.49638304694864877,3.6885868378936273,-1.2731214495830572,0.478925144705109,-0.920107623066233,0.6302637934180094,0.547712922875548,1.2450898408796793,-2.3473021889029826,-1.0110284228857593,2.08031874540729,1.493085191299527,-4.213354265183148,0.9456799225373893,-1.6084369567425847,-0.8299870604224562,-0.18696743494358242,3.013828599558873,-1.676855336529915,2.057663989159908,2.7701912960684343,2.3498560932662667,3.024201943251529,2.0482996564891858,2.9598236888485325,2.2240468729166816,2.5174690651382323,3.16325498109865,2.0796512571564962,2870.099806053933,182.38806427178963,0.14682616861688724,0.008442726626533666,0.5697408018612461,0.08825894223425566,5593.4891921155795,2821.6395082852605,11.640609398994256,1
-23.778610621682105,-1.37475817990308,2.2729704765327132,0.022237299322593218,0.4529490428466576,-1.7444655957504005,-0.9614824609075032,2.2390255859545602,0.5035985176088281,-0.28900112307720527,0.1539573289005011,1.2139146177290754,1.1005824007863156,0.15066568500004413,2.2339930662806697,1.996832746431999,0.9793637700817712,0.320523431460349,1.393704287004644,0.7656813592421301,3.536480043083569,3.0397368260429847,1.7557143258160295,1.6484220975549766,1.8392502733575544,2.819016547373486,1.268500316222967,2.436854433464796,2.406414743544666,2.8775888352117156,2481.1524107987493,149.55557742372446,0.11121935118055633,0.010544035824817404,0.5677233620200115,0.11451295297728219,4042.463007956313,2741.198597195687,40.53056600206844,1
-22.524901915903524,-0.04776028768469898,2.988329682898406,2.990966541136073,1.3786258146036658,-0.7570503183024789,-2.169889478093035,-3.0131976704713246,3.7785681617720375,-0.134338808717546,-1.624765222273164,-1.7243557575388115,0.6098446161844766,-0.4250195007730786,-3.188059975275876,1.8061732050342088,0.8382645175433232,3.5340620207262123,2.263950921387644,-5.3766648781374045,3.750184384302538,3.2244947495647223,1.9248430152530667,2.0404545457261527,2.507035064344745,1.6248043280552364,2.068648393358016,2.8000224674955483,2.4995256341029375,1.7799291416229566,2860.2422504885512,223.6302868144319,0.1480611635884062,0.015880541096150367,0.5996076873798682,0.09677725555140682,3538.6414699426277,2216.062350290305,52.87228434681549,1
-25.8392093050908,0.12538468680532655,3.1393919402457953,1.9872338923730273,2.285746276081553,-2.4405184648575347,0.2826184935504303,-0.004199813950011122,-0.06058462743295012,-0.7088495786923207,-0.2593513255676638,1.8626939422053066,-3.1354401283337854,3.484844868169102,1.1375806917142974,0.17380258781161703,1.8675955811183262,-2.391080319080961,-0.9859353134823516,-0.017935778302996946,3.7193362222593067,2.4721020513240655,2.6366994693777546,1.9462526024383235,2.5521052413804948,3.2396770891180076,2.811601729290183,2.1511264073332725,2.594183397248171,2.5265101727643273,2627.964452263774,260.0379012387184,0.173134331115124,0.018982731225000927,0.6385127436886662,0.10850715236520618,4200.0029423948745,2219.151873288804,9.424376011513385,1
-25.854882319998246,0.825920294414034,4.756689637185115,0.8049321340860875,0.7386070382188199,1.1771776365756845,5.254615419806015,4.4037701022585685,2.7552531394308364,5.53652064893281,-1.336601732221272,1.5139245165778346,0.4441735834570967,-2.8986436319502564,1.1002411418614624,-0.6334876638452883,2.9955956314116157,-0.4888171337668412,-0.6028792288116432,2.9595238865323483,2.8607276129466976,3.1977266162482936,2.6212823306206463,2.562662876782084,2.1135715762717564,2.534659360757538,2.135390627092179,1.7177179314061788,2.1263362996990165,2.9526984732050345,2641.204151516115,244.57983290970446,0.14004402114326334,0.004497678750548037,0.5267142900948554,0.11132983339368398,4062.209475413763,2142.6927312227685,16.213756150328813,1
-25.086374430731045,-0.46118763031292076,1.902626137800818,3.4591866133704183,1.3056712945060873,2.122846163278883,2.5416409897334034,2.7256811219315185,3.8106940915227936,-0.4985635968966745,-0.9296348096536461,1.7435715003178556,1.5825715030756273,1.6819298250225265,3.6673750843171202,0.2704658358372895,1.0023759250101916,-1.5424766304480326,4.054104338946198,-0.4057808581763998,2.715070443103502,2.291950065395054,1.9797291514800641,1.8623377706914108,1.9457774302662851,1.4138557765027666,1.7430949621277714,3.3693778668685717,2.6302819750737103,2.735542506036631,2929.7439543376117,292.5360553963076,0.0868573234566847,0.010160935077707675,0.5517765803463188,0.10590810610531207,4604.629896119588,2165.9067341581876,21.866774667221403,1
-24.84533210320167,2.9097552063340855,-2.199221556804325,0.14670446853554853,0.22100555501159058,0.15212594558329173,-1.7417297743311757,-0.06397757108973356,-1.1955767609217447,-0.20187879206237624,-2.7316931699616003,-0.2562736287308302,-0.9865681650401799,-0.18675160023011306,0.8080935452327205,0.16947689125260318,1.6634054808430623,-0.4271573215311938,1.324518987946641,2.2249767914842953,3.0642558232783723,2.4875213016806734,2.6152839171739397,2.4854501704726744,2.8607458048559553,2.7096130090392525,2.6977820405405786,2.226415574537086,2.3936248685043795,2.3735157579535806,1856.679269051533,258.10122082913904,0.08992128410166596,0.0256974932610163,0.6160197658114624,0.11147135316692383,5054.273603237063,2425.5707978688342,40.47954805817324,1
-27.564948109267743,0.24598541430146703,1.746564087266989,-0.30385453724622935,6.879982834320852,1.5949619811729114,0.4304330433542884,-0.4278446915509465,-0.41984766530303563,0.4542531903673193,0.5652038423546275,-0.48872512711499,-0.18398173604351548,2.7054265211365593,2.758775599438528,0.7036611638827787,-2.178973391379069,1.1915279041725004,3.0082347106893206,2.665605983532282,3.3406555116858008,3.353453773171493,2.3986972301540797,2.6768617819002234,1.851534660204892,2.4086926070267607,3.012006260668029,1.8463459531078656,1.6720228312103171,2.2384933634142183,2298.0020083242002,239.21164744816892,0.12640221422158873,0.03374751692482171,0.5226194341223367,0.15761204358659203,4302.848001599733,1761.205179624793,13.006226725887563,1
-25.84271052808152,3.844351684695288,2.9210680008543983,0.5976800937717582,6.386091930376765,0.2404967464536794,0.38509913231541465,-1.7993523066382928,0.2994718601194975,0.9353212445039794,-1.7679612453724967,-0.5643112313241176,0.8963116216484109,-0.6589895766671006,-1.0548198436010352,1.6578394255670976,-2.0725107423924563,-1.7360380592463591,0.5298091288411769,1.7230866729325103,3.0833143797359726,2.3656676467862736,2.1834334951442114,2.9062651296959223,2.77540085978241,2.2632428844390766,2.0477144948038037,2.2211633155871824,1.7525704197330443,2.08989460916306,2179.7084976042456,205.4619831729693,0.12638947191017297,0.024191614991503997,0.6491043239909661,0.10860852539355935,4272.278215236624,2513.486520255252,8.954468026162283,1
-26.38711231022561,4.73715217283068,0.7670507279376453,3.7543341228338094,-0.3558289128968859,-2.9811733312123176,1.2953846562708038,0.947381189214177,0.506353275998094,-0.7560184611991808,0.3014063577618894,-0.5869336908318159,-0.23653691170484348,1.8006523460914208,0.598257679820835,1.3479124971975591,-0.18206919427936302,-0.39340900022637293,-1.865742239810085,-0.46606590262275455,0.9073312666465172,2.145866820216619,2.317542160352163,2.638204192562094,2.0987932734850263,2.441937458680333,0.9064125174515671,2.1658978886758304,1.1811872131408472,1.4550178906044007,2315.775503461263,267.43187945431,0.15113620290410176,0.020145847977096936,0.5988281766319739,0.09859113320386598,4446.410781307755,2428.2128136412393,38.634237703812566,1
-24.05087814609281,1.3269545371006206,-0.8157842663480863,-1.1737994352234824,-1.40563078584814,1.35109793910096,-0.5727083371223047,-2.4521687602777065,1.1091835697123194,-3.510913141764796,2.755966138225736,3.908872370625187,-2.0546703082558215,2.1801254226195637,0.8950430709965744,-0.6500696177887041,-0.5807762394866491,1.4002831854604159,0.13861488010324832,-4.469576483152322,4.1438086418021145,2.7599045115908827,2.3354601981764396,1.868946056189094,2.1466236978001416,2.994845688644048,2.3712567750134355,2.4252247746688034,1.439386517100755,1.9702218342639668,2422.9731780345064,241.34548545558937,0.12752551370364038,0.02742295012380171,0.5313388074992734,0.12208608969260884,4736.5503287160045,1845.3420615843231,7.3359000768626235,1
-29.288972233731517,0.017612068214522214,0.20464181152810212,3.173505750913457,-0.6648645554720729,0.9915093219628383,0.9792055231043643,2.836249710189372,2.7170837769799148,0.29649465616915055,-0.49223617050463353,-0.8615662517529092,-0.12622149274609795,-0.4955457520681943,1.2631960035114842,1.0065576714733677,1.3005362617080871,2.4889329028073255,3.563690734309792,0.4243941081336024,3.559678262837392,2.289003889699471,3.077670856816476,2.9369054943055066,2.865049581965795,2.289775238048248,1.8132708158911812,1.3632829372807143,2.1648665643762297,3.09980752534951,2260.569794386167,245.33069634570245,0.16531854201556795,0.017730510232582618,0.6789806902511711,0.03274017766558489,4005.2123188201863,2025.3103110924621,41.077179096111564,1
-26.141139926134006,3.03026049483977,2.8607016385489112,3.887376799958264,-0.255413442340108,-0.8013716713220554,3.546262407856071,-0.858895359123554,1.3575583581255937,4.329606741577821,1.7185120121274964,1.7432197238194465,2.6082112962700776,1.2304759259078404,1.685193389551995,-0.3666613054471345,2.3232265579615974,0.9664891308054339,-2.4499980472770995,0.6372990422314685,1.5982111506892671,2.928347779395317,2.2265357405208377,3.44333160028624,2.5537787588140914,2.787842287947694,1.584751764257503,2.610744835021509,1.8044940753272312,2.8343106048456015,1896.7414982997832,214.94133087856198,0.10526352704250236,0.02100647962788235,0.7213492143600349,0.1416380424076958,4778.791473758918,1561.352262984486,53.16093632210222,1
-24.667416429551757,1.553751153662584,2.3591108100964746,-0.2168978597878488,2.5887324731623234,0.2111103528412671,-0.18429602106764065,0.5390834332727169,-0.6196198494216545,0.9916282290936693,-0.6036162971277559,1.1766758184072381,2.4965040777329657,-1.009064750540427,0.031630843535358305,1.0803952834637591,-0.5492491213194737,1.0579992317102196,1.2102442649626055,2.1498711973297473,2.536405972349053,1.9343348558617153,2.1821202329284204,1.7193485962717403,2.5986989224284986,1.5362825532274866,3.614095565237327,2.9775567169442505,2.1964343506490778,2.7004366957987855,1663.4391610601438,323.5517999129801,0.12229356163398533,0.019036020688805125,0.4886440027686938,0.13458861914222683,4080.8762978998793,2330.4967284698087,56.29464811566478,1
-22.940514750774554,-0.840922677070739,0.8589333397035694,-0.31887222037491325,1.3506561278853433,0.33683266734307477,1.0243997696519225,2.5001463406176994,1.8279522322449753,0.4653532151348069,1.1907503435859546,3.8613468672014,1.7553212381211225,-0.24265399600270565,2.5668224739689003,0.954358577474998,-1.4977006146336578,-0.10307790010498169,-2.4395369384798773,-3.9130361870777106,2.3305758252706608,2.5735486412082835,2.441971991355979,1.4530545889249624,0.8327428436447792,3.1157908179257636,2.271461585781855,3.133427186749749,3.088043546990311,2.6208258005437974,2426.6146117613066,192.10571336120523,0.16155789569750112,0.018721137073314097,0.5646228442463708,0.05706285947133406,4745.981549529207,2629.001266248839,33.28139459625075,1
